exam_board,course_track,subject,paper,also_on_other_paper,spec_ref,topic_name,paraphrase,ht_only,core_practical,include,review_notes
edexcel,combined,biology,paper1,yes,B1.1,Key concepts in biology,Sub-cellular structures of eukaryotic and prokaryotic cells and their functions,no,no,yes,Done
edexcel,combined,biology,paper1,yes,B1.2,Key concepts in biology,Specialised cells and their functions,no,no,yes,Done
edexcel,combined,biology,paper1,yes,B1.3,Key concepts in biology,"Technology of light and electron microscopes, enabling cell structures to be seen more clearly",no,no,yes,Done
edexcel,combined,biology,paper1,yes,B1.4,Key concepts in biology,"Number, size and scale, including the use of estimations and when an estimate is appropriate",no,no,yes,Done
edexcel,combined,biology,paper1,yes,B1.5,Key concepts in biology,"Quantitative units in relation to cells, including: milli, micro,  nano, pico.",no,no,yes,Done
edexcel,combined,biology,paper1,yes,B1.5,Key concepts in biology,Calculations with numbers written in standard form,yes,no,yes,Done
edexcel,combined,biology,paper1,yes,B1.6,Key concepts in biology,Practical: Investigate biological specimens using microscopes,no,yes,yes,Done
edexcel,combined,biology,paper1,yes,B1.7,Key concepts in biology,Enzyme action including the active site and enzyme specificity,no,no,yes,Done
edexcel,combined,biology,paper1,yes,B1.8,Key concepts in biology,Enzymes can be denatured due to changes in the shape of the active site,no,no,yes,Done
edexcel,combined,biology,paper1,yes,B1.9,Key concepts in biology,"Temperature, substrate concentration and pH on enzyme activity",no,no,yes,Done
edexcel,combined,biology,paper1,yes,B1.10,Key concepts in biology,Practical: effect of pH on enzyme activity,no,yes,yes,Done
edexcel,combined,biology,paper1,yes,B1.11,Key concepts in biology,Rate calculations for enzyme activity,no,no,yes,Done
edexcel,combined,biology,paper1,yes,B1.12,Key concepts in biology,Enzymes as biological catalysts,no,no,yes,Done
edexcel,triple,biology,paper1,yes,B1.13,Key concepts in biology,"Practical: use of chemical reagents to identify starch, reducing sugars, proteins and fats",no,yes,yes,
edexcel,triple,biology,paper1,yes,B1.14,Key concepts in biology,The energy contained in food can be measured using calorimetry,no,no,yes,
edexcel,combined,biology,paper1,yes,B1.15,Key concepts in biology,"Transport of substance into and out of cells by diffusion, osmosis and active transport",no,no,yes,Done
edexcel,combined,biology,paper1,yes,B1.16,Key concepts in biology,Practical: osmosis in potatoes,no,yes,yes,Done
edexcel,combined,biology,paper1,yes,B1.17,Key concepts in biology,Percentage gain and loss of mass in osmosis,no,no,yes,Done
edexcel,combined,biology,paper1,no,B2.1,Cells and control,"Mitosis as part of the cell cycle, including the stages interphase, prophase, metaphase, anaphase and telophase and cytokinesis",no,no,yes,Done
edexcel,combined,biology,paper1,no,B2.2,Cells and control,"Importance of mitosis in growth, repair and asexual reproduction",no,no,yes,Done
edexcel,combined,biology,paper1,no,B2.3,Cells and control,Mitosis - division of a cell producing two daughter cells with identical chromosomes,no,no,yes,Done
edexcel,combined,biology,paper1,no,B2.4,Cells and control,Cancer as the result of changes in cells that lead to uncontrolled cell division,no,no,yes,
edexcel,combined,biology,paper1,no,B2.5,Cells and control,"Growth in organisms, including: cell division and differentiation in animals; cell division, elongation and differentiation in plants",no,no,yes,
edexcel,combined,biology,paper1,no,B2.6,Cells and control,Cell differentiation in the development of specialised cells,no,no,yes,
edexcel,combined,biology,paper1,no,B2.7,Cells and control,The use of percentiles charts to monitor growth,no,no,yes,
edexcel,combined,biology,paper1,no,B2.8,Cells and control,"Embryonic stem cells, stem cells in animals and meristems in plants",no,no,yes,
edexcel,combined,biology,paper1,no,B2.9,Cells and control,Benefits and risks associated with the use of stem cells in medicine,no,no,yes,
edexcel,triple,biology,paper1,no,B2.10,Cells and control,"Structures and functions of the brain including the cerebellum, cerebral hemispheres and medulla oblongata",no,no,yes,
edexcel,triple,biology,paper1,no,B2.11,Cells and control,The difficulties of accessing brain tissue inside the skull can be overcome by using CT scanning and PET scanning to investigate brain function,yes,no,yes,
edexcel,triple,biology,paper1,no,B2.12,Cells and control,"Some of the limitations in treating damage and disease in the brain and other parts of the nervous system, including spinal injuries and brain tumours",yes,no,yes,
edexcel,combined,biology,paper1,no,B2.13,Cells and control,"Sensory receptors, sensory neurones, relay neurones in the CNS, motor neurones and synapses in the transmission of electrical impulses, including the axon, dendron, myelin sheath and the role of neurotransmitters",no,no,yes,
edexcel,combined,biology,paper1,no,B2.14,Cells and control,"A reflex arc including sensory, relay and motor neurones",no,no,yes,
edexcel,triple,biology,paper1,no,B2.15,Cells and control,The eye as a sensory receptor including the role of: the cornea and lens; the iris; rod and cone cells in the retina,no,no,yes,
edexcel,triple,biology,paper1,no,B2.16,Cells and control,"Defects of the eye including cataracts, long- sightedness, short-sightedness and colour blindness",no,no,yes,
edexcel,triple,biology,paper1,no,B2.17,Cells and control,"Cataracts, long-sightedness and short-sightedness can be corrected",no,no,yes,
edexcel,triple,biology,paper1,no,B3.1,Genetics,"Some of the advantages and disadvantages of asexual reproduction, including the lack of need to find a mate, a rapid reproductive cycle, but no variation in the population",no,no,yes,
edexcel,triple,biology,paper1,no,B3.2,Genetics,"Some of the advantages and disadvantages of sexual reproduction, including variation in the population, but the requirement to find a mate",no,no,yes,
edexcel,combined,biology,paper1,no,B3.3,Genetics,"Meiotic cell division, including the production of four daughter cells, each with half the number of chromosomes, and that this results in the formation of genetically different haploid gametes",no,no,yes,The stages of meiosis are not required
edexcel,combined,biology,paper1,no,B3.4,Genetics,DNA as a polymer made up of: two strands coiled to form a double helix; strands linked by a series of complementary base pairs joined together by weak hydrogen bonds; nucleotides that consist of a sugar and phosphate group with one of the four different bases attached to the sugar,no,no,yes,
edexcel,combined,biology,paper1,no,B3.5,Genetics,Genome as the entire DNA of an organism and a gene as a section of a DNA molecule that codes for a specific protein,no,no,yes,
edexcel,combined,biology,paper1,no,B3.6,Genetics,DNA can be extracted from fruit,no,no,yes,
edexcel,triple,biology,paper1,no,B3.7,Genetics,The order of bases in a section of DNA decides the order of amino acids in the protein and that these fold to produce specifically shaped proteins such as enzymes,yes,no,yes,
edexcel,triple,biology,paper1,no,B3.8,Genetics,"Stages of protein synthesis, including transcription and translation: RNA polymerase binds to non-coding DNA located in front of a gene; RNA polymerase produces a complementary mRNA strand from the coding DNA of the gene; the attachment of the mRNA to the ribosome; the coding by triplets of bases (codons) in the mRNA for specific amino acids; the transfer of amino acids to the ribosome by tRNA; the linking of amino acids to form polypeptides",yes,no,yes,
edexcel,triple,biology,paper1,no,B3.9,Genetics,Genetic variants in the non-coding DNA of a gene can affect phenotype by influencing the binding of RNA polymerase and altering the quantity of protein produced,yes,no,yes,
edexcel,triple,biology,paper1,no,B3.10,Genetics,Genetic variants in the coding DNA of a gene can affect phenotype by altering the sequence of amino acids and therefore the activity of the protein produced,yes,no,yes,
edexcel,triple,biology,paper1,no,B3.11,Genetics,Work of Gregor Mendel in discovering the basis of genetics and recognise the difficulties of understanding inheritance before the mechanism was discovered,no,no,yes,
edexcel,combined,biology,paper1,no,B3.12,Genetics,There are differences in the inherited characteristics as a result of alleles,no,no,yes,
edexcel,combined,biology,paper1,no,B3.13,Genetics,"Inheritance terms: chromosome, gene, allele, dominant, recessive, homozygous, heterozygous, genotype, phenotype, gamete and zygote",no,no,yes,
edexcel,combined,biology,paper1,no,B3.14,Genetics,"Monohybrid inheritance using genetic diagrams, Punnett squares and family pedigrees",no,no,yes,
edexcel,combined,biology,paper1,no,B3.15,Genetics,"The sex of offspring is determined at fertilisation, using genetic diagrams",no,no,yes,
edexcel,combined,biology,paper1,no,B3.16,Genetics,"Analyse outcomes (using probabilities, ratios and percentages) from monohybrid crosses and pedigree analysis for dominant and recessive traits",no,no,yes,
edexcel,triple,biology,paper1,no,B3.17,Genetics,Inheritance of the ABO blood groups with reference to codominance and multiple alleles,no,no,yes,
edexcel,triple,biology,paper1,no,B3.18,Genetics,Sex-linked genetic disorders are inherited,yes,no,yes,
edexcel,combined,biology,paper1,no,B3.19,Genetics,Most phenotypic features are the result of multiple genes rather than single gene inheritance,no,no,yes,
edexcel,combined,biology,paper1,no,B3.20,Genetics,"Causes of variation that influence phenotype, including: genetic variation - different characteristics as a result of mutation and sexual reproduction; environmental variation - different characteristics caused by an organism’s environment (acquired characteristics)",no,no,yes,
edexcel,combined,biology,paper1,no,B3.21,Genetics,The outcomes of the Human Genome Project and its potential applications within medicine,no,no,yes,
edexcel,combined,biology,paper1,no,B3.22,Genetics,There is usually extensive genetic variation within a population of a species and that these arise through mutations,no,no,yes,
edexcel,combined,biology,paper1,no,B3.23,Genetics,"Most genetic mutations have no effect on the phenotype, some mutations have a small effect on the phenotype and, rarely, a single mutation will significantly affect the phenotype",no,no,yes,
edexcel,triple,biology,paper1,no,B4.1,Natural selection and genetic modification,Work of Charles Darwin and Alfred Wallace in the development of the theory of evolution by natural selection and the impact of these ideas on modern biology,no,no,yes,
edexcel,combined,biology,paper1,no,B4.2,Natural selection and genetic modification,Charles Darwin’s theory of evolution by natural selection,no,no,yes,
edexcel,combined,biology,paper1,no,B4.3,Natural selection and genetic modification,The emergence of resistant organisms supports Charles Darwin’s theory of evolution including antibiotic resistance in bacteria,no,no,yes,
edexcel,combined,biology,paper1,no,B4.4,Natural selection and genetic modification,"Evidence for human evolution, based on fossils, including: Ardi from 4.4 million years ago; Lucy from 3.2 million years ago; Richard Leakey’s discovery of fossils from 1.6 million years ago",no,no,yes,
edexcel,combined,biology,paper1,no,B4.5,Natural selection and genetic modification,"Evidence for human evolution based on stone tools, including: the development of stone tools over time; how these can be dated from their environment",no,no,yes,
edexcel,triple,biology,paper1,no,B4.6,Natural selection and genetic modification,The anatomy of the pentadactyl limb provides scientists with evidence for evolution,no,no,yes,
edexcel,combined,biology,paper1,no,B4.7,Natural selection and genetic modification,Genetic analysis has led to the suggestion of the three domains rather than the five kingdoms classification method,no,no,yes,
edexcel,combined,biology,paper1,no,B4.8,Natural selection and genetic modification,Selective breeding and its impact on food plants and domesticated animals,no,no,yes,
edexcel,triple,biology,paper1,no,B4.9,Natural selection and genetic modification,Process of tissue culture and its advantages in medical research and plant breeding programmes,no,no,yes,
edexcel,combined,biology,paper1,no,B4.10,Natural selection and genetic modification,Genetic engineering as a process which involves modifying the genome of an organism to introduce desirable characteristics,no,no,yes,
edexcel,combined,biology,paper1,no,B4.11,Natural selection and genetic modification,Genetic engineering including the use of: restriction enzymes; ligase; sticky ends; vectors,yes,no,yes,
edexcel,triple,biology,paper1,no,B4.12,Natural selection and genetic modification,"The advantages and disadvantages of genetic engineering to produce GM organisms including the modification of crop plants, including the introduction of genes for insect resistance from Bacillus thuringiensis into crop plants",no,no,yes,
edexcel,triple,biology,paper1,no,B4.13,Natural selection and genetic modification,"The advantages and disadvantages of agricultural solutions to the demands of a growing human population, including use of fertilisers and biological control",no,no,yes,
edexcel,combined,biology,paper1,no,B4.14,Natural selection and genetic modification,"The benefits and risks of genetic engineering and selective breeding in modern agriculture and medicine, including practical and ethical implications",no,no,yes,
edexcel,combined,biology,paper1,no,B5.1,"Health, disease and the development of medicines","Health as a state of complete physical, mental and social well-being and not merely the absence of disease or infirmity, as defined by the World Health Organization (WHO)",no,no,yes,
edexcel,combined,biology,paper1,no,B5.2,"Health, disease and the development of medicines",Communicable and non-communicable diseases,no,no,yes,
edexcel,combined,biology,paper1,no,B5.3,"Health, disease and the development of medicines",The presence of one disease can lead to a higher susceptibility to other diseases,no,no,yes,
edexcel,combined,biology,paper1,no,B5.4,"Health, disease and the development of medicines","A pathogen as a disease-causing organism, including viruses, bacteria, fungi and protists",no,no,yes,
edexcel,combined,biology,paper1,no,B5.5,"Health, disease and the development of medicines","Some common infections, including: cholera (bacteria) causes diarrhoea; tuberculosis (bacteria) causes lung damage; Chalara ash dieback (fungi) causes leaf loss and bark lesions; malaria (protists) causes damage to blood and liver; HIV (virus) destroys white blood cells, leading to the onset of AIDS",no,no,yes,
edexcel,combined,biology,paper1,no,B5.6,"Health, disease and the development of medicines","Pathogens are spread and how this spread can be reduced or prevented, including: cholera (bacteria) - water; tuberculosis (bacteria) - airborne; Chalara ash dieback (fungi) - airborne; malaria (protists) - animal vectors",no,no,yes,
edexcel,triple,biology,paper1,no,B5.7,"Health, disease and the development of medicines","Lifecycle of a virus, including lysogenic and lytic pathways",no,no,yes,
edexcel,combined,biology,paper1,no,B5.8,"Health, disease and the development of medicines","Sexually transmitted infections (STIs) are spread and how this spread can be reduced or prevented, including: Chlamydia (bacteria); HIV (virus)",no,no,yes,
edexcel,triple,biology,paper1,no,B5.9,"Health, disease and the development of medicines","Some plants defend themselves against attack from pests and pathogens by physical barriers, including the leaf cuticle and cell wall",no,no,yes,
edexcel,triple,biology,paper1,no,B5.10,"Health, disease and the development of medicines","Plants defend themselves against attack from pests and pathogens by producing chemicals, some of which can be used to treat human diseases or relieve symptoms",no,no,yes,
edexcel,triple,biology,paper1,no,B5.11,"Health, disease and the development of medicines","Different ways plant diseases can be detected and identified, in the lab and in the field including the elimination of possible environmental causes, distribution analysis of affected plants, observation of visible symptoms and diagnostic testing to identify pathogens",yes,no,yes,
edexcel,combined,biology,paper1,no,B5.12,"Health, disease and the development of medicines","The physical barriers and chemical defences of the human body provide protection from pathogens, including: physical barriers, including mucus, cilia and skin; chemical defence, including lysozymes and hydrochloric acid",no,no,yes,
edexcel,combined,biology,paper1,no,B5.13,"Health, disease and the development of medicines","The specific immune system of the human body in defence against disease, including: exposure to pathogen; the antigens trigger an immune response which causes the production of antibodies; the antigens also trigger production of memory lymphocytes; the role of memory lymphocytes in the secondary response to the antigen",no,no,yes,
edexcel,combined,biology,paper1,no,B5.14,"Health, disease and the development of medicines",The body’s response to immunisation using an inactive form of a pathogen,no,no,yes,
edexcel,triple,biology,paper1,no,B5.15,"Health, disease and the development of medicines","The advantages and disadvantages of immunisation, including the concept of herd immunity",no,no,yes,
edexcel,combined,biology,paper1,no,B5.16,"Health, disease and the development of medicines",Antibiotics can only be used to treat bacterial infections because they inhibit cell processes in the bacterium but not the host organism,no,no,yes,
edexcel,triple,biology,paper1,no,B5.17,"Health, disease and the development of medicines","The aseptic techniques used in culturing microorganisms in the laboratory, including the use of an autoclave to prepare sterile growth medium and petri dishes, the use of sterile inoculating loops to transfer microorganisms and the need to keep petri dishes and culture vials covered",no,no,yes,
edexcel,triple,biology,paper1,no,B5.18,"Health, disease and the development of medicines","Practical: effects of antiseptics, antibiotics or plant extracts on microbial cultures",no,yes,yes,
edexcel,triple,biology,paper1,no,B5.19,"Health, disease and the development of medicines",Cross-sectional areas of bacterial cultures and clear agar jelly using πr2,no,no,yes,
edexcel,combined,biology,paper1,no,B5.20,"Health, disease and the development of medicines","That the process of developing new medicines, including antibiotics, has many stages, including discovery, development, preclinical and clinical testing",no,no,yes,
edexcel,triple,biology,paper1,no,B5.21,"Health, disease and the development of medicines","Production of monoclonal antibodies, including: use of lymphocytes which produce desired antibodies but do not divide; production of hybridoma cells; hybridoma cells produce antibodies as they divide",yes,no,yes,
edexcel,triple,biology,paper1,no,B5.22,"Health, disease and the development of medicines","The use of monoclonal antibodies, including: in pregnancy testing; in diagnosis including locating the position of blood clots and cancer cells and in treatment of diseases including cancer; the advantages of using monoclonal antibodies to target specific cells compared to drug and radiotherapy treatments",yes,no,yes,
edexcel,combined,biology,paper1,no,B5.23,"Health, disease and the development of medicines","That many non-communicable human diseases are caused by the interaction of a number of factors, including cardiovascular diseases, many forms of cancer, some lung and liver diseases and diseases influenced by nutrition",no,no,yes,
edexcel,combined,biology,paper1,no,B5.24,"Health, disease and the development of medicines","The effect of lifestyle factors on non-communicable diseases at local, national and global levels, including: exercise and diet on obesity and malnutrition, including BMI and waist : hip calculations, using the BMI equation: ( ) mass (kg)BMI = height (m); alcohol on liver diseases; smoking on cardiovascular diseases",no,no,yes,
edexcel,combined,biology,paper1,no,B5.25,"Health, disease and the development of medicines","Some different treatments for cardiovascular disease, including: life-long medication; surgical procedures; lifestyle changes",no,no,yes,
edexcel,combined,biology,paper2,no,B6.1,Plant structures and their functions,Photosynthetic organisms as the main producers of food and therefore biomass,no,no,yes,
edexcel,combined,biology,paper2,no,B6.2,Plant structures and their functions,Photosynthesis in plants and algae as an endothermic reaction that uses light energy to react carbon dioxide and water to produce glucose and oxygen,no,no,yes,
edexcel,combined,biology,paper2,no,B6.3,Plant structures and their functions,"The effect of temperature, light intensity and carbon dioxide concentration as limiting factors on the rate of photosynthesis",no,no,yes,
edexcel,combined,biology,paper2,no,B6.4,Plant structures and their functions,"Temperature, light intensity and carbon dioxide concentration in limiting the rate of photosynthesis",yes,no,yes,
edexcel,combined,biology,paper2,no,B6.5,Plant structures and their functions,Practical: effect of light intensity on the rate of photosynthesis,no,yes,yes,
edexcel,combined,biology,paper2,no,B6.6,Plant structures and their functions,"The rate of photosynthesis is directly proportional to light intensity and inversely proportional to the distance from a light source, including the use of the inverse square law calculation",yes,no,yes,
edexcel,combined,biology,paper2,no,B6.7,Plant structures and their functions,The structure of the root hair cells is adapted to absorb water and mineral ions,no,no,yes,
edexcel,combined,biology,paper2,no,B6.8,Plant structures and their functions,"The structures of the xylem and phloem are adapted to their function in the plant, including: lignified dead cells in xylem transporting water and minerals through the plant; living cells in phloem using energy to transport sucrose around the plant",no,no,yes,
edexcel,combined,biology,paper2,no,B6.9,Plant structures and their functions,"Water and mineral ions are transported through the plant by transpiration, including the structure and function of the stomata",no,no,yes,
edexcel,combined,biology,paper2,no,B6.10,Plant structures and their functions,Sucrose is transported around the plant by translocation,no,no,yes,
edexcel,triple,biology,paper2,no,B6.11,Plant structures and their functions,The structure of a leaf is adapted for photosynthesis and gas exchange,no,no,yes,
edexcel,combined,biology,paper2,no,B6.12,Plant structures and their functions,"The effect of environmental factors on the rate of water uptake by a plant, to include light intensity, air movement and temperature",no,no,yes,
edexcel,combined,biology,paper2,no,B6.13,Plant structures and their functions,Rate calculations for transpiration,no,no,yes,
edexcel,triple,biology,paper2,no,B6.14,Plant structures and their functions,"Plants are adapted to survive in extreme environments including the effect of leaf size and shape, the cuticle and stomata",no,no,yes,
edexcel,triple,biology,paper2,no,B6.15,Plant structures and their functions,"Plant hormones control and coordinate plant growth and development, including the role of auxins in phototropisms and gravitropisms",no,no,yes,
edexcel,triple,biology,paper2,no,B6.16,Plant structures and their functions,"Commercial uses of auxins, gibberellins and ethene in plants, including: auxins in weedkillers and rooting powders; gibberellins in germination, fruit and flower formation and the production of seedless fruit; ethene in fruit ripening",yes,no,yes,
edexcel,combined,biology,paper2,no,B7.1,"Animal coordination, control and homeostasis","Where hormones are produced and how they are transported from endocrine glands to their target organs, including the pituitary gland, thyroid gland, pancreas, adrenal glands, ovaries and testes",no,no,yes,
edexcel,combined,biology,paper2,no,B7.2,"Animal coordination, control and homeostasis","Adrenalin is produced by the adrenal glands to prepare the body for fight or flight, including: increased heart rate; increased blood pressure; increased blood flow to the muscles; raised blood sugar levels by stimulating the liver to change glycogen into glucose",yes,no,yes,
edexcel,combined,biology,paper2,no,B7.3,"Animal coordination, control and homeostasis","Thyroxine controls metabolic rate as an example of negative feedback, including: low levels of thyroxine stimulates production of TRH in hypothalamus; this causes release of TSH from the pituitary gland; TSH acts on the thyroid to produce thyroxine; when thyroxine levels are normal thyroxine inhibits the release of TRH and the production of TSH",yes,no,yes,
edexcel,combined,biology,paper2,no,B7.4,"Animal coordination, control and homeostasis","Stages of the menstrual cycle, including the roles of the hormones oestrogen and progesterone, in the control of the menstrual cycle",no,no,yes,
edexcel,combined,biology,paper2,no,B7.5,"Animal coordination, control and homeostasis","Oestrogen, progesterone, FSH and LH in the control of the menstrual cycle, including the repair and maintenance of the uterus wall, ovulation and menstruation",yes,no,yes,
edexcel,combined,biology,paper2,no,B7.6,"Animal coordination, control and homeostasis",Hormonal contraception influences the menstrual cycle and prevents pregnancy,yes,no,yes,
edexcel,combined,biology,paper2,no,B7.7,"Animal coordination, control and homeostasis",Hormonal and barrier methods of contraception,no,no,yes,
edexcel,combined,biology,paper2,no,B7.8,"Animal coordination, control and homeostasis",The use of hormones in Assisted Reproductive Technology (ART) including IVF and clomifene therapy,yes,no,yes,
edexcel,combined,biology,paper2,no,B7.9,"Animal coordination, control and homeostasis",Maintaining a constant internal environment in response to internal and external change,no,no,yes,
edexcel,triple,biology,paper2,no,B7.10,"Animal coordination, control and homeostasis","Homeostasis, including: thermoregulation - the effect on enzyme activity; osmoregulation - the effect on animal cells",no,no,yes,
edexcel,triple,biology,paper2,no,B7.11,"Animal coordination, control and homeostasis","Thermoregulation takes place, with reference to the function of the skin, including: the role of the dermis; the role of the epidermis; the role of the hypothalamus",no,no,yes,
edexcel,triple,biology,paper2,no,B7.12,"Animal coordination, control and homeostasis","Thermoregulation takes place, with reference to: shivering; vasoconstriction; vasodilation",yes,no,yes,
edexcel,combined,biology,paper2,no,B7.13,"Animal coordination, control and homeostasis",The hormone insulin controls blood glucose concentration,no,no,yes,
edexcel,combined,biology,paper2,no,B7.14,"Animal coordination, control and homeostasis",Blood glucose concentration is regulated by glucagon,yes,no,yes,
edexcel,combined,biology,paper2,no,B7.15,"Animal coordination, control and homeostasis",The cause of type 1 diabetes and how it is controlled,no,no,yes,
edexcel,combined,biology,paper2,no,B7.16,"Animal coordination, control and homeostasis",The cause of type 2 diabetes and how it is controlled,no,no,yes,
edexcel,combined,biology,paper2,no,B7.17,"Animal coordination, control and homeostasis","The correlation between body mass and type 2 diabetes including waist:hip calculations and BMI, using the BMI equation: ( ) mass (kg)BMI = height (m)",no,no,yes,
edexcel,triple,biology,paper2,no,B7.18,"Animal coordination, control and homeostasis",Structure of the urinary system,no,no,yes,
edexcel,triple,biology,paper2,no,B7.19,"Animal coordination, control and homeostasis",The structure of the nephron is related to its function in filtering the blood and forming urine including: filtration in the glomerulus and Bowman’s capsule; selective reabsorption of glucose; reabsorption of water,no,no,yes,
edexcel,triple,biology,paper2,no,B7.20,"Animal coordination, control and homeostasis",The effect of ADH on the permeability of the collecting duct in regulating the water content of the blood,yes,no,yes,
edexcel,triple,biology,paper2,no,B7.21,"Animal coordination, control and homeostasis","Treatments for kidney failure, including kidney dialysis and organ donation",no,no,yes,
edexcel,triple,biology,paper2,no,B7.22,"Animal coordination, control and homeostasis",Urea is produced from the breakdown of excess amino acids in the liver,no,no,yes,
edexcel,combined,biology,paper2,no,B8.1,Exchange and transport in animals,"Need to transport substances into and out of a range of organisms, including oxygen, carbon dioxide, water, dissolved food molecules, mineral ions and urea",no,no,yes,
edexcel,combined,biology,paper2,no,B8.2,Exchange and transport in animals,The need for exchange surfaces and a transport system in multicellular organisms including the calculation of surface area : volume ratio,no,no,yes,
edexcel,combined,biology,paper2,no,B8.3,Exchange and transport in animals,Alveoli are adapted for gas exchange by diffusion between air in the lungs and blood in capillaries,no,no,yes,
edexcel,triple,biology,paper2,no,B8.4,Exchange and transport in animals,"Factors affecting the rate of diffusion, including surface area, concentration gradient and diffusion distance",no,no,yes,
edexcel,triple,biology,paper2,no,B8.5,Exchange and transport in animals,Rate of diffusion using Fick’s law: surface area concentration differencediffusion thickness of membrane rate of ×α,no,no,yes,
edexcel,combined,biology,paper2,no,B8.6,Exchange and transport in animals,The structure of the blood is related to its function: red blood cells (erythrocytes); white blood cells (phagocytes and lymphocytes); plasma; platelets,no,no,yes,
edexcel,combined,biology,paper2,no,B8.7,Exchange and transport in animals,The structure of the blood vessels is related to their function,no,no,yes,
edexcel,combined,biology,paper2,no,B8.8,Exchange and transport in animals,"The structure of the heart and circulatory system is related to its function, including the role of the major blood vessels, the valves and the relative thickness of chamber walls",no,no,yes,
edexcel,combined,biology,paper2,no,B8.9,Exchange and transport in animals,"Cellular respiration as an exothermic reaction which occurs continuously in living cells to release energy for metabolic processes, including aerobic and anaerobic respiration",no,no,yes,
edexcel,combined,biology,paper2,no,B8.10,Exchange and transport in animals,Process of aerobic respiration with the process of anaerobic respiration,no,no,yes,
edexcel,combined,biology,paper2,no,B8.11,Exchange and transport in animals,Practical: rate of respiration in living organisms,no,yes,yes,
edexcel,combined,biology,paper2,no,B8.12,Exchange and transport in animals,"Heart rate, stroke volume and cardiac output, using the equation cardiac output = stroke volume × heart rate",no,no,yes,
edexcel,combined,biology,paper2,no,B9.1,Ecosystems and material cycles,"Different levels of organisation from individual organisms, populations, communities, to the whole ecosystem",no,no,yes,
edexcel,combined,biology,paper2,no,B9.2,Ecosystems and material cycles,"Communities can be affected by abiotic and biotic factors, including: temperature, light, water, pollutants; competition, predation",no,no,yes,
edexcel,combined,biology,paper2,no,B9.3,Ecosystems and material cycles,Importance of interdependence in a community,no,no,yes,
edexcel,combined,biology,paper2,no,B9.4,Ecosystems and material cycles,"The survival of some organisms is dependent on other species, including parasitism and mutualism",no,no,yes,
edexcel,combined,biology,paper2,no,B9.5,Ecosystems and material cycles,"Practical: relationship between organisms and their environment using field-work techniques, including quadrats and belt transects",no,yes,yes,
edexcel,combined,biology,paper2,no,B9.6,Ecosystems and material cycles,"To determine the number of organisms in a given area using raw data from field-work techniques, including quadrats and belt transects",no,no,yes,
edexcel,triple,biology,paper2,no,B9.7,Ecosystems and material cycles,"Some energy is transferred to less useful forms at each trophic level and that this affects the number of organisms at each trophic level, limits the length of a food chain and determines the shape of a pyramid of biomass in an ecosystem",no,no,yes,
edexcel,triple,biology,paper2,no,B9.8,Ecosystems and material cycles,Efficiency of energy transfers between trophic levels and percentage calculations of biomass,no,no,yes,
edexcel,combined,biology,paper2,no,B9.9,Ecosystems and material cycles,"The positive and negative human interactions within ecosystems and their impacts on biodiversity, including: fish farming; introduction of non-indigenous species; eutrophication",no,no,yes,
edexcel,combined,biology,paper2,no,B9.10,Ecosystems and material cycles,"The benefits of maintaining local and global biodiversity, including the conservation of animal species and the impact of reforestation",no,no,yes,
edexcel,triple,biology,paper2,no,B9.11,Ecosystems and material cycles,"Biological factors affecting levels of food security, including: increasing human population; increasing animal farming and the increased meat and fish consumption; the impact of new pests and pathogens; environmental change caused by human activity; sustainability issues, e.g. use of land for biofuel production and the cost of agricultural inputs",no,no,yes,
edexcel,combined,biology,paper2,no,B9.12,Ecosystems and material cycles,Different materials cycle through the abiotic and biotic components of an ecosystem,no,no,yes,
edexcel,combined,biology,paper2,no,B9.13,Ecosystems and material cycles,"The carbon cycle, including the processes involved and the role of microorganisms as decomposers",no,no,yes,
edexcel,combined,biology,paper2,no,B9.14,Ecosystems and material cycles,"The water cycle, including the processes involved and the production of potable water in areas of drought including desalination",no,no,yes,
edexcel,combined,biology,paper2,no,B9.15,Ecosystems and material cycles,"Nitrates are made available for plant uptake, including the use of fertilisers, crop rotation and the role of bacteria in the nitrogen cycle",no,no,yes,
edexcel,triple,biology,paper2,no,B9.16,Ecosystems and material cycles,"The use of indicator species as evidence to assess the level of pollution, including: polluted water - bloodworm, sludgeworm; clean water - freshwater shrimps, stonefly; air quality - different species of lichen, blackspot fungus on roses",yes,no,yes,
edexcel,triple,biology,paper2,no,B9.17,Ecosystems and material cycles,"Temperature, water content and oxygen availability on the rate of decomposition in food preservation",no,no,yes,
edexcel,triple,biology,paper2,no,B9.18,Ecosystems and material cycles,"Temperature, water content and oxygen availability on the rate of decomposition in composting",no,no,yes,
edexcel,triple,biology,paper2,no,B9.19,Ecosystems and material cycles,Rate changes in the decay of biological material,no,no,yes,
edexcel,combined,chemistry,paper1,yes,C1.1,Key concepts in chemistry,The Dalton model of an atom has changed over time because of the discovery of subatomic particles,no,no,yes,
edexcel,combined,chemistry,paper1,yes,C1.2,Key concepts in chemistry,"Structure of an atom as a nucleus containing protons and neutrons, surrounded by electrons in shells",no,no,yes,
edexcel,combined,chemistry,paper1,yes,C1.3,Key concepts in chemistry,Relative charge and relative mass of: proton; neutron; an electron,no,no,yes,
edexcel,combined,chemistry,paper1,yes,C1.4,Key concepts in chemistry,Atoms contain equal numbers of protons and electrons,no,no,yes,
edexcel,combined,chemistry,paper1,yes,C1.5,Key concepts in chemistry,Nucleus of an atom as very small compared to the overall size of the atom,no,no,yes,
edexcel,combined,chemistry,paper1,yes,C1.6,Key concepts in chemistry,Most of the mass of an atom is concentrated in the nucleus,no,no,yes,
edexcel,combined,chemistry,paper1,yes,C1.7,Key concepts in chemistry,Meaning of the term mass number of an atom,no,no,yes,
edexcel,combined,chemistry,paper1,yes,C1.8,Key concepts in chemistry,Atoms of a given element as having the same number of protons in the nucleus and that this number is unique to that element,no,no,yes,
edexcel,combined,chemistry,paper1,yes,C1.9,Key concepts in chemistry,Isotopes as different atoms of the same element containing the same number of protons but different numbers of neutrons in their nuclei,no,no,yes,
edexcel,combined,chemistry,paper1,yes,C1.10,Key concepts in chemistry,"Numbers of protons, neutrons and electrons in atoms given the atomic number and mass number",no,no,yes,
edexcel,combined,chemistry,paper1,yes,C1.11,Key concepts in chemistry,The existence of isotopes results in relative atomic masses of some elements not being whole numbers,no,no,yes,
edexcel,combined,chemistry,paper1,yes,C1.12,Key concepts in chemistry,Relative atomic mass of an element from the relative masses and abundances of its isotopes,yes,no,yes,
edexcel,combined,chemistry,paper1,yes,C1.13,Key concepts in chemistry,"Dmitri Mendeleev arranged the elements, known at that time, in a periodic table by using properties of these elements and their compounds",no,no,yes,
edexcel,combined,chemistry,paper1,yes,C1.14,Key concepts in chemistry,Dmitri Mendeleev used his table to predict the existence and properties of some elements not then discovered,no,no,yes,
edexcel,combined,chemistry,paper1,yes,C1.15,Key concepts in chemistry,Dmitri Mendeleev thought he had arranged elements in order of increasing relative atomic mass but this was not always true because of the relative abundance of isotopes of some pairs of elements in the periodic table,no,no,yes,
edexcel,combined,chemistry,paper1,yes,C1.16,Key concepts in chemistry,The meaning of atomic number of an element in terms of position in the periodic table and number of protons in the nucleus,no,no,yes,
edexcel,combined,chemistry,paper1,yes,C1.17,Key concepts in chemistry,"That in the periodic table a elements are arranged in order of increasing atomic number, in rows called periods b elements with similar properties are placed in the same vertical columns called groups",no,no,yes,
edexcel,combined,chemistry,paper1,yes,C1.18,Key concepts in chemistry,"Elements as metals or non-metals according to their position in the periodic table, explaining this division in terms of the atomic structures of the elements",no,no,yes,
edexcel,combined,chemistry,paper1,yes,C1.19,Key concepts in chemistry,"The electronic configurations of the first 20 elements in the periodic table as diagrams and in the form, for example 2.8.1",no,no,yes,
edexcel,combined,chemistry,paper1,yes,C1.20,Key concepts in chemistry,The electronic configuration of an element is related to its position in the periodic table Ionic bonding,yes,no,yes,
edexcel,combined,chemistry,paper1,yes,C1.21,Key concepts in chemistry,"Ionic bonds are formed by the transfer of electrons between atoms to produce cations and anions, including the use of dot and cross diagrams",no,no,yes,
edexcel,combined,chemistry,paper1,yes,C1.22,Key concepts in chemistry,An ion is an atom or group of atoms with a positive or negative charge,no,no,yes,
edexcel,combined,chemistry,paper1,yes,C1.23,Key concepts in chemistry,"Numbers of protons, neutrons and electrons in simple ions given the atomic number and mass number",no,no,yes,
edexcel,combined,chemistry,paper1,yes,C1.24,Key concepts in chemistry,"The formation of ions in ionic compounds from their atoms, limited to compounds of elements in groups 1, 2, 6 and 7",no,no,yes,
edexcel,combined,chemistry,paper1,yes,C1.25,Key concepts in chemistry,The use of the endings -ide and -ate in the names of compounds,no,no,yes,
edexcel,combined,chemistry,paper1,yes,C1.26,Key concepts in chemistry,"Formulae of ionic compounds (including oxides, hydroxides, halides, nitrates, carbonates and sulfates) given the formulae of the constituent ions",no,no,yes,
edexcel,combined,chemistry,paper1,yes,C1.27,Key concepts in chemistry,The structure of an ionic compound as a lattice structure a consisting of a regular arrangement of ions b held together by strong electrostatic forces (ionic bonds) between oppositely-charged ions,no,no,yes,
edexcel,combined,chemistry,paper1,yes,C1.28,Key concepts in chemistry,A covalent bond is formed when a pair of electrons is shared between two atoms,no,no,yes,
edexcel,combined,chemistry,paper1,yes,C1.29,Key concepts in chemistry,Covalent bonding results in the formation of molecules,no,no,yes,
edexcel,combined,chemistry,paper1,yes,C1.30,Key concepts in chemistry,Typical size (order of magnitude) of atoms and small molecules,no,no,yes,
edexcel,combined,chemistry,paper1,yes,C1.31,Key concepts in chemistry,"The formation of simple molecular, covalent substances, using dot and cross diagrams, including: hydrogen; hydrogen chloride; water; methane; oxygen; carbon dioxide",no,no,yes,
edexcel,combined,chemistry,paper1,yes,C1.32,Key concepts in chemistry,"Elements and compounds can be classified as: ionic; simple molecular (covalent); giant covalent; metallic and how the structure and bonding of these types of substances results in different physical properties, including relative melting point and boiling point, relative solubility in water and ability to conduct electricity (as solids and in solution)",no,no,yes,
edexcel,combined,chemistry,paper1,yes,C1.33,Key concepts in chemistry,"The properties of ionic compounds limited to: high melting points and boiling points, in terms of forces between ions; whether or not they conduct electricity as solids, when molten and in aqueous solution",no,no,yes,
edexcel,combined,chemistry,paper1,yes,C1.34,Key concepts in chemistry,"The properties of typical covalent, simple molecular compounds limited to: low melting points and boiling points, in terms of forces between molecules (intermolecular forces); poor conduction of electricity",no,no,yes,
edexcel,combined,chemistry,paper1,yes,C1.35,Key concepts in chemistry,Graphite and diamond are different forms of carbon and that they are examples of giant covalent substances,no,no,yes,
edexcel,combined,chemistry,paper1,yes,C1.36,Key concepts in chemistry,Structures of graphite and diamond,no,no,yes,
edexcel,combined,chemistry,paper1,yes,C1.37,Key concepts in chemistry,"In terms of structure and bonding, why graphite is used to make electrodes and as a lubricant, whereas diamond is used in cutting tools",no,no,yes,
edexcel,combined,chemistry,paper1,yes,C1.38,Key concepts in chemistry,The properties of fullerenes including C60 and graphene in terms of their structures and bonding,no,no,yes,
edexcel,combined,chemistry,paper1,yes,C1.39,Key concepts in chemistry,"Using poly(ethene) as the example, that simple polymers consist of large molecules containing chains of carbon atoms",no,no,yes,
edexcel,combined,chemistry,paper1,yes,C1.40,Key concepts in chemistry,"The properties of metals, including malleability and the ability to conduct electricity",no,no,yes,
edexcel,combined,chemistry,paper1,yes,C1.41,Key concepts in chemistry,"Limitations of particular representations and models to, include dot and cross, ball and stick models and two- and three-dimensional representations",no,no,yes,
edexcel,combined,chemistry,paper1,yes,C1.42,Key concepts in chemistry,"Most metals as shiny solids which have high melting points, high density and are good conductors of electricity whereas most non-metals have low boiling points and are poor conductors of electricity",no,no,yes,
edexcel,combined,chemistry,paper1,yes,C1.43,Key concepts in chemistry,Relative formula mass given relative atomic masses; percentage by mass of an element in a compound given relative atomic masses,no,no,yes,
edexcel,combined,chemistry,paper1,yes,C1.44,Key concepts in chemistry,Formulae of simple compounds from reacting masses or percentage composition and understand that these are empirical formulae,no,no,yes,
edexcel,combined,chemistry,paper1,yes,C1.45,Key concepts in chemistry,Deduce: the empirical formula of a compound from the formula of its molecule; the molecular formula of a compound from its empirical formula and its relative molecular mass,no,no,yes,
edexcel,combined,chemistry,paper1,yes,C1.46,Key concepts in chemistry,An experiment to determine the empirical formula of a simple compound such as magnesium oxide,no,no,yes,
edexcel,combined,chemistry,paper1,yes,C1.47,Key concepts in chemistry,The law of conservation of mass applied to: closed system including a precipitation reaction in a closed flask; non-enclosed system including a reaction in an open flask that takes in or gives out a gas,no,no,yes,
edexcel,combined,chemistry,paper1,yes,C1.48,Key concepts in chemistry,"Masses of reactants and products from balanced equations, given the mass of one substance",no,no,yes,
edexcel,combined,chemistry,paper1,yes,C1.49,Key concepts in chemistry,Concentration of solutions in g dm-3,no,no,yes,
edexcel,combined,chemistry,paper1,yes,C1.50,Key concepts in chemistry,"One mole of particles of a substance is defined as: the Avogadro constant number of particles (6.02 × 1023 atoms, molecules, formulae or ions) of that substance; mass of ‘relative particle mass’ g",yes,no,yes,
edexcel,combined,chemistry,paper1,yes,C1.51,Key concepts in chemistry,Number of: moles of particles of a substance in a given mass of that substance and vice versa; particles of a substance in a given number of moles of that substance and vice versa; particles of a substance in a given mass of that substance and vice versa,yes,no,yes,
edexcel,combined,chemistry,paper1,yes,C1.52,Key concepts in chemistry,"Why, in a reaction, the mass of product formed is controlled by the mass of the reactant which is not in excess",yes,no,yes,
edexcel,combined,chemistry,paper1,yes,C1.53,Key concepts in chemistry,Stoichiometry of a reaction from the masses of the reactants and products,yes,no,yes,
edexcel,combined,chemistry,paper1,no,C2.1,States of matter and mixtures,"Arrangement, movement and the relative energy of particles in each of the three states of matter: solid, liquid and gas",no,no,yes,
edexcel,combined,chemistry,paper1,no,C2.2,States of matter and mixtures,"Names used for the interconversions between the three states of matter, recognising that these are physical changes: contrasted with chemical reactions that result in chemical changes",no,no,yes,
edexcel,combined,chemistry,paper1,no,C2.3,States of matter and mixtures,"The changes in arrangement, movement and energy of particles during these interconversions",no,no,yes,
edexcel,combined,chemistry,paper1,no,C2.4,States of matter and mixtures,"The physical state of a substance under specified conditions, given suitable data",no,no,yes,
edexcel,combined,chemistry,paper1,no,C2.5,States of matter and mixtures,The difference between the use of ‘pure’ in chemistry compared with its everyday use and the differences in chemistry between a pure substance and a mixture,no,no,yes,
edexcel,combined,chemistry,paper1,no,C2.6,States of matter and mixtures,Interpret melting point data to distinguish between pure substances which have a sharp melting point and mixtures which melt over a range of temperatures,no,no,yes,
edexcel,combined,chemistry,paper1,no,C2.7,States of matter and mixtures,The types of mixtures that can be separated by using the following experimental techniques: simple distillation; fractional distillation; filtration; crystallisation; paper chromatography,no,no,yes,
edexcel,combined,chemistry,paper1,no,C2.8,States of matter and mixtures,"An appropriate experimental technique to separate a mixture, knowing the properties of the components of the mixture",no,no,yes,
edexcel,combined,chemistry,paper1,no,C2.9,States of matter and mixtures,"Paper chromatography as the separation of mixtures of soluble substances by running a solvent (mobile phase) through the mixture on the paper (the paper contains the stationary phase), which causes the substances to move at different rates over the paper",no,no,yes,
edexcel,combined,chemistry,paper1,no,C2.10,States of matter and mixtures,Interpret a paper chromatogram: to distinguish between pure and impure substances; to identify substances by comparison with known substances; to identify substances by calculation and use of Rf values,no,no,yes,
edexcel,combined,chemistry,paper1,no,C2.11,States of matter and mixtures,Practical: composition of inks using simple distillation and paper chromatography,no,yes,yes,
edexcel,combined,chemistry,paper1,no,C2.12,States of matter and mixtures,"How: waste and ground water can be made potable, including the need for sedimentation, filtration and chlorination; sea water can be made potable by using distillation; water used in analysis must not contain any dissolved salts",no,no,yes,
edexcel,combined,chemistry,paper1,no,C3.1,Chemical change,Acids in solution are sources of hydrogen ions and alkalis in solution are sources of hydroxide ions,no,no,yes,
edexcel,combined,chemistry,paper1,no,C3.2,Chemical change,A neutral solution has a pH of 7 and that acidic solutions have lower pH values and alkaline solutions higher pH values,no,no,yes,
edexcel,combined,chemistry,paper1,no,C3.3,Chemical change,"Effect of acids and alkalis on indicators, including litmus, methyl orange and phenolphthalein",no,no,yes,
edexcel,combined,chemistry,paper1,no,C3.4,Chemical change,"The higher the concentration of hydrogen ions in an acidic solution, the lower the pH; and the higher the concentration of hydroxide ions in an alkaline solution, the higher the pH",yes,no,yes,
edexcel,combined,chemistry,paper1,no,C3.5,Chemical change,"As hydrogen ion concentration in a solution increases by a factor of 10, the pH of the solution decreases by 1",yes,no,yes,
edexcel,combined,chemistry,paper1,no,C3.6,Chemical change,Practical: change in pH on adding powdered calcium hydroxide or calcium oxide to a fixed volume of dilute hydrochloric acid,no,yes,yes,
edexcel,combined,chemistry,paper1,no,C3.7,Chemical change,"The terms dilute and concentrated, with respect to amount of substances in solution",yes,no,yes,
edexcel,combined,chemistry,paper1,no,C3.8,Chemical change,"The terms weak and strong acids, with respect to the degree of dissociation into ions",yes,no,yes,
edexcel,combined,chemistry,paper1,no,C3.9,Chemical change,A base is any substance that reacts with an acid to form a salt and water only,no,no,yes,
edexcel,combined,chemistry,paper1,no,C3.10,Chemical change,Alkalis are soluble bases,no,no,yes,
edexcel,combined,chemistry,paper1,no,C3.11,Chemical change,The general reactions of aqueous solutions of acids with: metals; metal oxides; metal hydroxides; metal carbonates to produce salts,no,no,yes,
edexcel,combined,chemistry,paper1,no,C3.12,Chemical change,Chemical test for: hydrogen; carbon dioxide (using limewater),no,no,yes,
edexcel,combined,chemistry,paper1,no,C3.13,Chemical change,A neutralisation reaction as a reaction between an acid and a base,no,no,yes,
edexcel,combined,chemistry,paper1,no,C3.14,Chemical change,An acid-alkali neutralisation as a reaction in which hydrogen ions (H+) from the acid react with hydroxide ions (OH-) from the alkali to form water,no,no,yes,
edexcel,combined,chemistry,paper1,no,C3.15,Chemical change,"Why, if soluble salts are prepared from an acid and an insoluble reactant: excess of the reactant is added; the excess reactant is removed; the solution remaining is only salt and water",no,no,yes,
edexcel,combined,chemistry,paper1,no,C3.16,Chemical change,"Why, if soluble salts are prepared from an acid and a soluble reactant: titration must be used; the acid and the soluble reactant are then mixed in the correct proportions; the solution remaining, after reaction, is only salt and water",no,no,yes,
edexcel,combined,chemistry,paper1,no,C3.17,Chemical change,"Practical: preparation of pure, dry hydrated copper sulfate crystals starting from copper oxide including the use of a water bath",no,yes,yes,
edexcel,combined,chemistry,paper1,no,C3.18,Chemical change,"To carry out an acid-alkali titration, using burette, pipette and a suitable indicator, to prepare a pure, dry salt",no,no,yes,
edexcel,combined,chemistry,paper1,no,C3.19,Chemical change,"General rules which describe the solubility of common types of substances in water: all common sodium, potassium and ammonium salts are soluble; all nitrates are soluble; common chlorides are soluble except those of silver and lead; common sulfates are soluble except those of lead, barium and calcium; common carbonates and hydroxides are insoluble except those of sodium, potassium and ammonium",no,no,yes,
edexcel,combined,chemistry,paper1,no,C3.20,Chemical change,"Predict, using solubility rules, whether or not a precipitate will be formed when named solutions are mixed together, naming the precipitate if any",no,no,yes,
edexcel,combined,chemistry,paper1,no,C3.21,Chemical change,"Method used to prepare a pure, dry sample of an insoluble salt",no,no,yes,
edexcel,combined,chemistry,paper1,no,C3.22,Chemical change,Electrolytes are ionic compounds in the molten state or dissolved in water,no,no,yes,
edexcel,combined,chemistry,paper1,no,C3.23,Chemical change,"Electrolysis as a process in which electrical energy, from a direct current supply, decomposes electrolytes",no,no,yes,
edexcel,combined,chemistry,paper1,no,C3.24,Chemical change,"The movement of ions during electrolysis, in which: positively charged cations migrate to the negatively charged cathode; negatively charged anions migrate to the positively charged anode",no,no,yes,
edexcel,combined,chemistry,paper1,no,C3.25,Chemical change,"The formation of the products in the electrolysis, using inert electrodes, of some electrolytes, including: copper chloride solution; sodium chloride solution; sodium sulfate solution; water acidified with sulfuric acid; molten lead bromide (demonstration)",no,no,yes,
edexcel,combined,chemistry,paper1,no,C3.26,Chemical change,"The products of electrolysis of other binary, ionic compounds in the molten state",no,no,yes,
edexcel,combined,chemistry,paper1,no,C3.27,Chemical change,Write half equations for reactions occurring at the anode and cathode in electrolysis,yes,no,yes,
edexcel,combined,chemistry,paper1,no,C3.28,Chemical change,Oxidation and reduction in terms of loss or gain of electrons,yes,no,yes,
edexcel,combined,chemistry,paper1,no,C3.29,Chemical change,Reduction occurs at the cathode and that oxidation occurs at the anode in electrolysis reactions,yes,no,yes,
edexcel,combined,chemistry,paper1,no,C3.30,Chemical change,"The formation of the products in the electrolysis of copper sulfate solution, using copper electrodes, and how this electrolysis can be used to purify copper",no,no,yes,
edexcel,combined,chemistry,paper1,no,C3.31,Chemical change,Practical: electrolysis of copper sulfate solution with inert electrodes and copper electrodes,no,yes,yes,
edexcel,combined,chemistry,paper1,no,C4.1,Extracting metals and equilibria,"Relative reactivity of some metals, by their reactions with water, acids and salt solutions",no,no,yes,
edexcel,combined,chemistry,paper1,no,C4.2,Extracting metals and equilibria,"Displacement reactions as redox reactions, in terms of gain or loss of electrons",yes,no,yes,
edexcel,combined,chemistry,paper1,no,C4.3,Extracting metals and equilibria,"The reactivity series of metals (potassium, sodium, calcium, magnesium, aluminium, (carbon), zinc, iron, (hydrogen), copper, silver, gold) in terms of the reactivity of the metals with water and dilute acids and that these reactions show the relative tendency of metal atoms to form cations",no,no,yes,
edexcel,combined,chemistry,paper1,no,C4.4,Extracting metals and equilibria,That: most metals are extracted from ores found in the Earth’s crust; unreactive metals are found in the Earth’s crust as the uncombined elements,no,no,yes,
edexcel,combined,chemistry,paper1,no,C4.5,Extracting metals and equilibria,Oxidation as the gain of oxygen and reduction as the loss of oxygen,no,no,yes,
edexcel,combined,chemistry,paper1,no,C4.6,Extracting metals and equilibria,The extraction of metals involves reduction of ores,no,no,yes,
edexcel,combined,chemistry,paper1,no,C4.7,Extracting metals and equilibria,"The method used to extract a metal from its ore is related to its position in the reactivity series and the cost of the extraction process, illustrated by a heating with carbon (including iron) b electrolysis (including aluminium)",no,no,yes,(knowledge of the blast furnace is not required)
edexcel,combined,chemistry,paper1,no,C4.8,Extracting metals and equilibria,Alternative biological methods of metal extraction (bacterial and phytoextraction),yes,no,yes,
edexcel,combined,chemistry,paper1,no,C4.9,Extracting metals and equilibria,A metal’s relative resistance to oxidation is related to its position in the reactivity series,no,no,yes,
edexcel,combined,chemistry,paper1,no,C4.10,Extracting metals and equilibria,"The advantages of recycling metals, including economic implications and how recycling can preserve both the environment and the supply of valuable raw materials",no,no,yes,
edexcel,combined,chemistry,paper1,no,C4.11,Extracting metals and equilibria,"That a life-cycle assessment for a product involves consideration of the effect on the environment of obtaining the raw materials, manufacturing the product, using the product and disposing of the product when it is no longer useful",no,no,yes,
edexcel,combined,chemistry,paper1,no,C4.12,Extracting metals and equilibria,Data from a life cycle assessment of a product,no,no,yes,
edexcel,combined,chemistry,paper1,no,C4.13,Extracting metals and equilibria,"Chemical reactions are reversible, the use of the symbol ⇌ in equations and that the direction of some reversible reactions can be altered by changing the reaction conditions",no,no,yes,
edexcel,combined,chemistry,paper1,no,C4.14,Extracting metals and equilibria,Dynamic equilibrium,no,no,yes,
edexcel,combined,chemistry,paper1,no,C4.15,Extracting metals and equilibria,Formation of ammonia as a reversible reaction between nitrogen (extracted from the air) and hydrogen (obtained from natural gas) and that it can reach a dynamic equilibrium,no,no,yes,
edexcel,combined,chemistry,paper1,no,C4.16,Extracting metals and equilibria,Conditions for the Haber process as: temperature 450 °C; pressure 200 atmospheres; iron catalyst,no,no,yes,
edexcel,combined,chemistry,paper1,no,C4.17,Extracting metals and equilibria,The position of a dynamic equilibrium is affected by changes in: temperature; pressure; concentration,yes,no,yes,
edexcel,triple,chemistry,paper1,no,C5.1,Separate chemistry 1,Most metals are transition metals and that their typical properties include: high melting point; high density; the formation of coloured compounds; catalytic activity of the metals and their compounds as exemplified by iron,no,no,yes,
edexcel,triple,chemistry,paper1,no,C5.2,Separate chemistry 1,The oxidation of metals results in corrosion,no,no,yes,
edexcel,triple,chemistry,paper1,no,C5.3,Separate chemistry 1,Rusting of iron can be prevented by: exclusion of oxygen; exclusion of water; sacrificial protection,no,no,yes,
edexcel,triple,chemistry,paper1,no,C5.4,Separate chemistry 1,Electroplating can be used to improve the appearance and/or the resistance to corrosion of metal objects,no,no,yes,
edexcel,triple,chemistry,paper1,no,C5.5,Separate chemistry 1,"Using models, why converting pure metals into alloys often increases the strength of the product",no,no,yes,
edexcel,triple,chemistry,paper1,no,C5.6,Separate chemistry 1,Iron is alloyed with other metals to produce alloy steels,no,no,yes,
edexcel,triple,chemistry,paper1,no,C5.7,Separate chemistry 1,"The uses of metals are related to their properties (and vice versa), including aluminium, copper and gold and their alloys including magnalium and brass",no,no,yes,
edexcel,triple,chemistry,paper1,no,C5.8,Separate chemistry 1,Concentration of solutions in mol dm-3 and convert concentration in g dm-3 into mol dm-3 and vice versa,yes,no,yes,
edexcel,triple,chemistry,paper1,no,C5.9,Separate chemistry 1,"Practical: carry out an accurate acid-alkali titration, using burette, pipette and a suitable indicator",no,yes,yes,
edexcel,triple,chemistry,paper1,no,C5.10,Separate chemistry 1,Carry out simple calculations using the results of titrations to calculate an unknown concentration of a solution or an unknown volume of solution required,yes,no,yes,
edexcel,triple,chemistry,paper1,no,C5.11,Separate chemistry 1,Percentage yield of a reaction from the actual yield and the theoretical yield,no,no,yes,
edexcel,triple,chemistry,paper1,no,C5.12,Separate chemistry 1,"That the actual yield of a reaction is usually less than the theoretical yield and that the causes of this include: incomplete reactions; practical losses during the experiment; competing, unwanted reactions (side reactions)",no,no,yes,
edexcel,triple,chemistry,paper1,no,C5.13,Separate chemistry 1,What atom economy means for a reaction that forms a desired product,no,no,yes,
edexcel,triple,chemistry,paper1,no,C5.14,Separate chemistry 1,Calculating the atom economy of a reaction that forms a desired product,no,no,yes,
edexcel,triple,chemistry,paper1,no,C5.15,Separate chemistry 1,"A particular reaction pathway is chosen to produce a specified product, given appropriate data such as atom economy, yield, rate, equilibrium position and usefulness of by-products",yes,no,yes,
edexcel,triple,chemistry,paper1,no,C5.16,Separate chemistry 1,"Molar volume, of any gas at room temperature and pressure, as the volume occupied by one mole of molecules of any gas at room temperature and pressure (The molar volume will be provided as 24 dm3 or 24000 cm3 in calculations where it is required)",yes,no,yes,
edexcel,triple,chemistry,paper1,no,C5.17,Separate chemistry 1,Use the molar volume and balanced equations in calculations involving the masses of solids and volumes of gases,yes,no,yes,
edexcel,triple,chemistry,paper1,no,C5.18,Separate chemistry 1,"Use Avogadro’s law to calculate volumes of gases involved in a gaseous reaction, given the relevant equation",yes,no,yes,
edexcel,triple,chemistry,paper1,no,C5.19,Separate chemistry 1,Haber process as a reversible reaction between nitrogen and hydrogen to form ammonia,no,no,yes,
edexcel,triple,chemistry,paper1,no,C5.20,Separate chemistry 1,The rate of attainment of equilibrium is affected by: changes in temperature; changes in pressure; changes in concentration; use of a catalyst,yes,no,yes,
edexcel,triple,chemistry,paper1,no,C5.21,Separate chemistry 1,"How, in industrial reactions, including the Haber process, conditions used are related to: the availability and cost of raw materials and energy supplies; the control of temperature, pressure and catalyst used produce an acceptable yield in an acceptable time",yes,no,yes,
edexcel,triple,chemistry,paper1,no,C5.22,Separate chemistry 1,"Fertilisers may contain nitrogen, phosphorus and potassium compounds to promote plant growth",no,no,yes,
edexcel,triple,chemistry,paper1,no,C5.23,Separate chemistry 1,Ammonia reacts with nitric acid to produce a salt that is used as a fertiliser,no,no,yes,
edexcel,triple,chemistry,paper1,no,C5.24,Separate chemistry 1,"Compare: the laboratory preparation of ammonium sulfate from ammonia solution and dilute sulfuric acid on a small scale; the industrial production of ammonium sulfate, used as a fertiliser, in which several stages are required to produce ammonia and sulfuric acid from their raw materials and the production is carried out on a much larger scale",no,no,yes,(details of the industrial production of sulfuric acid are not required)
edexcel,triple,chemistry,paper1,no,C5.25,Separate chemistry 1,A chemical cell produces a voltage until one of the reactants is used up,no,no,yes,
edexcel,triple,chemistry,paper1,no,C5.26,Separate chemistry 1,In a hydrogen-oxygen fuel cell hydrogen and oxygen are used to produce a voltage and water is the only product,no,no,yes,
edexcel,triple,chemistry,paper1,no,C5.27,Separate chemistry 1,The strengths and weaknesses of fuel cells for given uses,no,no,yes,
edexcel,combined,chemistry,paper2,no,C6.1,Groups in the periodic table,"Some elements can be classified as alkali metals (group 1), halogens (group 7) or noble gases (group 0), based on their position in the periodic table",no,no,yes,
edexcel,combined,chemistry,paper2,no,C6.2,Groups in the periodic table,Alkali metals a are soft b have relatively low melting points,no,no,yes,
edexcel,combined,chemistry,paper2,no,C6.3,Groups in the periodic table,"Reactions of lithium, sodium and potassium with water",no,no,yes,
edexcel,combined,chemistry,paper2,no,C6.4,Groups in the periodic table,"Pattern in reactivity of the alkali metals, lithium, sodium and potassium, with water; and use this pattern to predict the reactivity of other alkali metals",no,no,yes,
edexcel,combined,chemistry,paper2,no,C6.5,Groups in the periodic table,This pattern in reactivity in terms of electronic configurations Group 7,yes,no,yes,
edexcel,combined,chemistry,paper2,no,C6.6,Groups in the periodic table,"Colours and physical states of chlorine, bromine and iodine at room temperature",no,no,yes,
edexcel,combined,chemistry,paper2,no,C6.7,Groups in the periodic table,"Pattern in the physical properties of the halogens, chlorine, bromine and iodine, and use this pattern to predict the physical properties of other halogens",no,no,yes,
edexcel,combined,chemistry,paper2,no,C6.8,Groups in the periodic table,Chemical test for chlorine,no,no,yes,
edexcel,combined,chemistry,paper2,no,C6.9,Groups in the periodic table,"Reactions of the halogens, chlorine, bromine and iodine, with metals to form metal halides, and use this pattern to predict the reactions of other halogens",no,no,yes,
edexcel,combined,chemistry,paper2,no,C6.10,Groups in the periodic table,"The halogens, chlorine, bromine and iodine, form hydrogen halides which dissolve in water to form acidic solutions, and use this pattern to predict the reactions of other halogens",no,no,yes,
edexcel,combined,chemistry,paper2,no,C6.11,Groups in the periodic table,"Relative reactivity of the halogens chlorine, bromine and iodine, as shown by their displacement reactions with halide ions in aqueous solution, and use this pattern to predict the reactions of astatine",no,no,yes,
edexcel,combined,chemistry,paper2,no,C6.12,Groups in the periodic table,"These displacement reactions are redox reactions in terms of gain and loss of electrons, identifying which of the substances are oxidised and which are reduced",yes,no,yes,
edexcel,combined,chemistry,paper2,no,C6.13,Groups in the periodic table,The relative reactivity of the halogens in terms of electronic configurations Group 0,yes,no,yes,
edexcel,combined,chemistry,paper2,no,C6.14,Groups in the periodic table,"The noble gases are chemically inert, compared with the other elements, in terms of their electronic configurations",no,no,yes,
edexcel,combined,chemistry,paper2,no,C6.15,Groups in the periodic table,"The uses of noble gases depend on their inertness, low density and/or non-flammability",no,no,yes,
edexcel,combined,chemistry,paper2,no,C6.16,Groups in the periodic table,Pattern in the physical properties of some noble gases and use this pattern to predict the physical properties of other noble gases,no,no,yes,
edexcel,combined,chemistry,paper2,no,C7.1,Rates of reaction and energy changes,Practical: effects of changing the conditions of a reaction on the rates of chemical reactions by: measuring the production of a gas (in the reaction between hydrochloric acid and marble chips); observing a colour change (in the reaction between sodium thiosulfate and hydrochloric acid),no,yes,yes,
edexcel,combined,chemistry,paper2,no,C7.2,Rates of reaction and energy changes,Suggest practical methods for determining the rate of a given reaction,no,no,yes,
edexcel,combined,chemistry,paper2,no,C7.3,Rates of reaction and energy changes,Reactions occur when particles collide and that rates of reaction are increased when the frequency and/or energy of collisions is increased,no,no,yes,
edexcel,combined,chemistry,paper2,no,C7.4,Rates of reaction and energy changes,"The effects on rates of reaction of changes in temperature, concentration, surface area to volume ratio of a solid and pressure (on reactions involving gases) in terms of frequency and/or energy of collisions between particles",no,no,yes,
edexcel,combined,chemistry,paper2,no,C7.5,Rates of reaction and energy changes,"Interpret graphs of mass, volume or concentration of reactant or product against time",no,no,yes,
edexcel,combined,chemistry,paper2,no,C7.6,Rates of reaction and energy changes,"A catalyst as a substance that speeds up the rate of a reaction without altering the products of the reaction, being itself unchanged chemically and in mass at the end of the reaction",no,no,yes,
edexcel,combined,chemistry,paper2,no,C7.7,Rates of reaction and energy changes,The addition of a catalyst increases the rate of a reaction in terms of activation energy,no,no,yes,
edexcel,combined,chemistry,paper2,no,C7.8,Rates of reaction and energy changes,Enzymes are biological catalysts and that enzymes are used in the production of alcoholic drinks,no,no,yes,
edexcel,combined,chemistry,paper2,no,C7.9,Rates of reaction and energy changes,"Changes in heat energy accompany the following changes: salts dissolving in water; neutralisation reactions; displacement reactions; precipitation reactions and that, when these reactions take place in solution, temperature changes can be measured to reflect the heat changes",no,no,yes,
edexcel,combined,chemistry,paper2,no,C7.10,Rates of reaction and energy changes,An exothermic change or reaction as one in which heat energy is given out,no,no,yes,
edexcel,combined,chemistry,paper2,no,C7.11,Rates of reaction and energy changes,An endothermic change or reaction as one in which heat energy is taken in,no,no,yes,
edexcel,combined,chemistry,paper2,no,C7.12,Rates of reaction and energy changes,The breaking of bonds is endothermic and the making of bonds is exothermic,no,no,yes,
edexcel,combined,chemistry,paper2,no,C7.13,Rates of reaction and energy changes,The overall heat energy change for a reaction is: exothermic if more heat energy is released in forming bonds in the products than is required in breaking bonds in the reactants; endothermic if less heat energy is released in forming bonds in the products than is required in breaking bonds in the reactants,no,no,yes,
edexcel,combined,chemistry,paper2,no,C7.14,Rates of reaction and energy changes,Energy change in a reaction given the energies of bonds (in kJ mol-1),yes,no,yes,
edexcel,combined,chemistry,paper2,no,C7.15,Rates of reaction and energy changes,The term activation energy,no,no,yes,
edexcel,combined,chemistry,paper2,no,C7.16,Rates of reaction and energy changes,"Draw and label reaction profiles for endothermic and exothermic reactions, identifying activation energy",no,no,yes,
edexcel,combined,chemistry,paper2,no,C8.1,Fuels and Earth science,Hydrocarbons are compounds that contain carbon and hydrogen only,no,no,yes,
edexcel,combined,chemistry,paper2,no,C8.2,Fuels and Earth science,Crude oil as: complex mixture of hydrocarbons; containing molecules in which carbon atoms are in chains or rings; an important source of useful substances (fuels and feedstock for the petrochemical industry); finite resource,no,no,yes,"(names, formulae and structures of specific ring molecules not required)"
edexcel,combined,chemistry,paper2,no,C8.3,Fuels and Earth science,"Separation of crude oil into simpler, more useful mixtures by the process of fractional distillation",no,no,yes,
edexcel,combined,chemistry,paper2,no,C8.4,Fuels and Earth science,"Names and uses of the following fractions: gases, used in domestic heating and cooking; petrol, used as fuel for cars; kerosene, used as fuel for aircraft; diesel oil, used as fuel for some cars and trains; fuel oil, used as fuel for large ships and in some power stations; bitumen, used to surface roads and roofs",no,no,yes,
edexcel,combined,chemistry,paper2,no,C8.5,Fuels and Earth science,Hydrocarbons in different fractions differ from each other in: the number of carbon and hydrogen atoms their molecules contain; boiling points; ease of ignition; viscosity and are mostly members of the alkane homologous series,no,no,yes,
edexcel,combined,chemistry,paper2,no,C8.6,Fuels and Earth science,"An homologous series as a series of compounds which: have the same general formula; differ by CH2 in molecular formulae from neighbouring compounds; show a gradual variation in physical properties, as exemplified by their boiling points; have similar chemical properties",no,no,yes,
edexcel,combined,chemistry,paper2,no,C8.7,Fuels and Earth science,Complete combustion of hydrocarbon fuels as a reaction in which: carbon dioxide and water are produced; energy is given out,no,no,yes,
edexcel,combined,chemistry,paper2,no,C8.8,Fuels and Earth science,The incomplete combustion of hydrocarbons can produce carbon and carbon monoxide,no,no,yes,
edexcel,combined,chemistry,paper2,no,C8.9,Fuels and Earth science,Carbon monoxide behaves as a toxic gas,no,no,yes,
edexcel,combined,chemistry,paper2,no,C8.10,Fuels and Earth science,Problems caused by incomplete combustion producing carbon monoxide and soot in appliances that use carbon compounds as fuels,no,no,yes,
edexcel,combined,chemistry,paper2,no,C8.11,Fuels and Earth science,Impurities in some hydrocarbon fuels result in the production of sulfur dioxide,no,no,yes,
edexcel,combined,chemistry,paper2,no,C8.12,Fuels and Earth science,Some problems associated with acid rain caused when sulfur dioxide dissolves in rain water,no,no,yes,
edexcel,combined,chemistry,paper2,no,C8.13,Fuels and Earth science,"Why, when fuels are burned in engines, oxygen and nitrogen can react together at high temperatures to produce oxides of nitrogen, which are pollutants",no,no,yes,
edexcel,combined,chemistry,paper2,no,C8.14,Fuels and Earth science,"The advantages and disadvantages of using hydrogen, rather than petrol, as a fuel in cars",no,no,yes,
edexcel,combined,chemistry,paper2,no,C8.15,Fuels and Earth science,"Petrol, kerosene and diesel oil are non-renewable fossil fuels obtained from crude oil and methane is a non- renewable fossil fuel found in natural gas",no,no,yes,
edexcel,combined,chemistry,paper2,no,C8.16,Fuels and Earth science,"Cracking involves the breaking down of larger, saturated hydrocarbon molecules (alkanes) into smaller, more useful ones, some of which are unsaturated (alkenes)",no,no,yes,
edexcel,combined,chemistry,paper2,no,C8.17,Fuels and Earth science,Cracking is necessary,no,no,yes,
edexcel,combined,chemistry,paper2,no,C8.18,Fuels and Earth science,The gases produced by volcanic activity formed the Earth’s early atmosphere,no,no,yes,
edexcel,combined,chemistry,paper2,no,C8.19,Fuels and Earth science,That the Earth’s early atmosphere was thought to contain: little or no oxygen; large amount of carbon dioxide; water vapour; small amounts of other gases and interpret evidence relating to this,no,no,yes,
edexcel,combined,chemistry,paper2,no,C8.20,Fuels and Earth science,Condensation of water vapour formed oceans,no,no,yes,
edexcel,combined,chemistry,paper2,no,C8.21,Fuels and Earth science,The amount of carbon dioxide in the atmosphere was decreased when carbon dioxide dissolved as the oceans formed,no,no,yes,
edexcel,combined,chemistry,paper2,no,C8.22,Fuels and Earth science,The growth of primitive plants used carbon dioxide and released oxygen by photosynthesis and consequently the amount of oxygen in the atmosphere gradually increased,no,no,yes,
edexcel,combined,chemistry,paper2,no,C8.23,Fuels and Earth science,Chemical test for oxygen,no,no,yes,
edexcel,combined,chemistry,paper2,no,C8.24,Fuels and Earth science,"Various gases in the atmosphere, including carbon dioxide, methane and water vapour, absorb heat radiated from the Earth, subsequently releasing energy which keeps the Earth warm: this is known as the greenhouse effect",no,no,yes,
edexcel,combined,chemistry,paper2,no,C8.25,Fuels and Earth science,"The evidence for human activity causing climate change, considering: the correlation between the change in atmospheric carbon dioxide concentration, the consumption of fossil fuels and temperature change; the uncertainties caused by the location where these measurements are taken and historical accuracy",no,no,yes,
edexcel,combined,chemistry,paper2,no,C8.26,Fuels and Earth science,"The composition of today’s atmosphere; the potential effects on the climate of increased levels of carbon dioxide and methane generated by human activity, including burning fossil fuels and livestock farming; that these effects may be mitigated: consider scale, risk and environmental implications",no,no,yes,
edexcel,triple,chemistry,paper2,no,C9.1,Separate chemistry 2,The test for any ion must be unique,no,no,yes,
edexcel,triple,chemistry,paper2,no,C9.2,Separate chemistry 2,"Flame tests to identify the following ions in solids: lithium ion, Li+ (red); sodium ion, Na+ (yellow); potassium ion, K+ (lilac); calcium ion, Ca2+ (orange-red); copper ion, Cu2+ (blue-green)",no,no,yes,
edexcel,triple,chemistry,paper2,no,C9.3,Separate chemistry 2,"Tests to identify the following ions in solids or solutions as appropriate: aluminium ion, Al3+; calcium ion, Ca2+; copper ion, Cu2+; iron(II) ion, Fe2+; iron(III) ion, Fe3+; ammonium ion, NH4+ using sodium hydroxide solution",no,no,yes,
edexcel,triple,chemistry,paper2,no,C9.4,Separate chemistry 2,Chemical test for ammonia,no,no,yes,
edexcel,triple,chemistry,paper2,no,C9.5,Separate chemistry 2,"Tests to identify the following ions in solids or solutions as appropriate: carbonate ion, CO32-, using dilute acid and identifying the carbon dioxide evolved; sulfate ion, SO42-, using dilute hydrochloric acid and barium chloride solution; chloride ion, Cl-, bromide ion, Br-, iodide ion, I-, using dilute nitric acid and silver nitrate solution",no,no,yes,
edexcel,triple,chemistry,paper2,no,C9.6,Separate chemistry 2,"Practical: identify ions in unknown salts using flame tests, sodium hydroxide tests, the test for ammonia, and the tests for carbonate, sulfate and halide ions",no,yes,yes,
edexcel,triple,chemistry,paper2,no,C9.7,Separate chemistry 2,"The ions in unknown salts, using results of the tests above",no,no,yes,
edexcel,triple,chemistry,paper2,no,C9.8,Separate chemistry 2,"That instrumental methods of analysis are available and that these may improve sensitivity, accuracy and speed of tests",no,no,yes,
edexcel,triple,chemistry,paper2,no,C9.9,Separate chemistry 2,Data from a flame photometer: to determine the concentration of ions in dilute solution using a calibration curve; to identify metal ions by comparing the data with reference data (no knowledge of the instrument or how it works is required),no,no,yes,
edexcel,triple,chemistry,paper2,no,C9.10,Separate chemistry 2,"Formulae of molecules of the alkanes, methane, ethane, propane and butane, and draw the structures of these molecules, showing all covalent bonds",no,no,yes,
edexcel,triple,chemistry,paper2,no,C9.11,Separate chemistry 2,The alkanes are saturated hydrocarbons,no,no,yes,
edexcel,triple,chemistry,paper2,no,C9.12,Separate chemistry 2,"Formulae of molecules of the alkenes, ethene, propene, butene, and draw the structures of these molecules, showing all covalent bonds (but-1-ene and but-2-ene only)",no,no,yes,
edexcel,triple,chemistry,paper2,no,C9.13,Separate chemistry 2,"The alkenes are unsaturated hydrocarbons, describing that their molecules contain the functional group C=C",no,no,yes,
edexcel,triple,chemistry,paper2,no,C9.14,Separate chemistry 2,"Addition reaction of ethene with bromine, showing the structures of reactants and products, and extend this to other alkenes",no,no,yes,
edexcel,triple,chemistry,paper2,no,C9.15,Separate chemistry 2,Bromine water is used to distinguish between alkanes and alkenes,no,no,yes,
edexcel,triple,chemistry,paper2,no,C9.16,Separate chemistry 2,The complete combustion of alkanes and alkenes involves the oxidation of the hydrocarbons to produce carbon dioxide and water,no,no,yes,
edexcel,triple,chemistry,paper2,no,C9.17,Separate chemistry 2,A polymer is a substance of high average relative molecular mass made up of small repeating units,no,no,yes,
edexcel,triple,chemistry,paper2,no,C9.18,Separate chemistry 2,How ethene molecules can combine together in a polymerisation reaction; that the addition polymer formed is called poly(ethene),no,no,yes,(conditions and mechanisms not required)
edexcel,triple,chemistry,paper2,no,C9.19,Separate chemistry 2,"Other addition polymers can be made by combining together other monomer molecules containing C=C, to include poly(propene), poly(chloroethene) (PVC) and poly(tetrafluoroethene) (PTFE)",no,no,yes,(conditions and mechanisms not required)
edexcel,triple,chemistry,paper2,no,C9.20,Separate chemistry 2,Structure of a monomer from the structure of an addition polymer and vice versa,no,no,yes,
edexcel,triple,chemistry,paper2,no,C9.21,Separate chemistry 2,"The uses of polymers are related to their properties and vice versa: including poly(ethene), poly(propene), poly(chloroethene) (PVC) and poly(tetrafluoroethene) (PTFE)",no,no,yes,
edexcel,triple,chemistry,paper2,no,C9.22,Separate chemistry 2,Why polyesters are condensation polymers; how a polyester is formed when a monomer molecule containing two carboxylic acid groups is reacted with a monomer molecule containing two alcohol groups; how a molecule of water is formed each time an ester link is formed,yes,no,yes,
edexcel,triple,chemistry,paper2,no,C9.23,Separate chemistry 2,"Some problems associated with polymers including the: availability of starting materials; persistence in landfill sites, due to non-biodegradability; gases produced during disposal by combustion; requirement to sort polymers so that they can be melted and reformed into a new product",no,no,yes,
edexcel,triple,chemistry,paper2,no,C9.24,Separate chemistry 2,"The advantages and disadvantages of recycling polymers, including economic implications, availability of starting materials and environmental impact",no,no,yes,
edexcel,triple,chemistry,paper2,no,C9.25,Separate chemistry 2,That: DNA is a polymer made from four different monomers called nucleotides; starch is a polymer based on sugars; proteins are polymers based on amino acids Alcohols and carboxylic acids,yes,no,yes,(names of nucleotides not required)
edexcel,triple,chemistry,paper2,no,C9.26,Separate chemistry 2,"Formulae of molecules of the alcohols, methanol, ethanol, propanol (propan-1-ol only) and butanol (butan-1-ol only), and draw the structures of these molecules, showing all covalent bonds",no,no,yes,
edexcel,triple,chemistry,paper2,no,C9.27,Separate chemistry 2,The functional group in alcohols is -OH and that alcohols can be dehydrated to form alkenes,no,no,yes,
edexcel,triple,chemistry,paper2,no,C9.28,Separate chemistry 2,"Practical: temperature rise produced in a known mass of water by the combustion of the alcohols ethanol, propanol, butanol and pentanol",no,yes,yes,
edexcel,triple,chemistry,paper2,no,C9.29,Separate chemistry 2,"Formulae of molecules of the carboxylic acids, methanoic, ethanoic, propanoic and butanoic acids, and draw the structures of these molecules, showing all covalent bonds",no,no,yes,
edexcel,triple,chemistry,paper2,no,C9.30,Separate chemistry 2,The functional group in carboxylic acids is -COOH and that solutions of carboxylic acids have typical acidic properties,no,no,yes,
edexcel,triple,chemistry,paper2,no,C9.31,Separate chemistry 2,Ethanol can be oxidised to produce ethanoic acid and extend this to other alcohols,no,no,yes,(reagents not required)
edexcel,triple,chemistry,paper2,no,C9.32,Separate chemistry 2,Members of a given homologous series have similar reactions because their molecules contain the same functional group and use this to predict the products of other members of these series,no,no,yes,
edexcel,triple,chemistry,paper2,no,C9.33,Separate chemistry 2,"Production of ethanol by fermentation of carbohydrates in aqueous solution, using yeast to provide enzymes",no,no,yes,
edexcel,triple,chemistry,paper2,no,C9.34,Separate chemistry 2,To obtain a concentrated solution of ethanol by fractional distillation of the fermentation mixture,no,no,yes,
edexcel,triple,chemistry,paper2,no,C9.35,Separate chemistry 2,Size of nanoparticles with the sizes of atoms and molecules,no,no,yes,
edexcel,triple,chemistry,paper2,no,C9.36,Separate chemistry 2,"The properties of nanoparticulate materials are related to their uses including surface area to volume ratio of the particles they contain, including sunscreens",no,no,yes,
edexcel,triple,chemistry,paper2,no,C9.37,Separate chemistry 2,The possible risks associated with some nanoparticulate materials,no,no,yes,
edexcel,triple,chemistry,paper2,no,C9.38,Separate chemistry 2,"Compare, using data, the physical properties of glass and clay ceramics, polymers, composites and metals",no,no,yes,
edexcel,triple,chemistry,paper2,no,C9.39,Separate chemistry 2,The properties of a material make it suitable for a given use and use data to select materials appropriate for specific uses,no,no,yes,
edexcel,combined,physics,paper1,yes,P1.1,Key concepts of physics,"The SI unit for physical quantities, as listed in Appendix 5",no,no,yes,
edexcel,combined,physics,paper1,yes,P1.2,Key concepts of physics,"Multiples and sub-multiples of units, including giga (G), mega (M), kilo (k), centi (c), milli (m), micro (μ) and nano (n)",no,no,yes,
edexcel,combined,physics,paper1,yes,P1.3,Key concepts of physics,"Convert between different units, including hours to seconds",no,no,yes,
edexcel,combined,physics,paper1,yes,P1.4,Key concepts of physics,Use significant figures and standard form where appropriate,no,no,yes,
edexcel,combined,physics,paper1,no,P2.1,Motion and forces,A scalar quantity has magnitude (size) but no specific direction,no,no,yes,
edexcel,combined,physics,paper1,no,P2.2,Motion and forces,A vector quantity has both magnitude (size) and a specific direction,no,no,yes,
edexcel,combined,physics,paper1,no,P2.3,Motion and forces,The difference between vector and scalar quantities,no,no,yes,
edexcel,combined,physics,paper1,no,P2.4,Motion and forces,"Vector and scalar quantities, including: displacement/distance; velocity/speed; acceleration; force; weight/mass; momentum; energy",no,no,yes,
edexcel,combined,physics,paper1,no,P2.5,Motion and forces,Velocity is speed in a stated direction,no,no,yes,
edexcel,combined,physics,paper1,no,P2.6,Motion and forces,"A (average) speed (metre per second, m/s) = distance (metre, m) ÷ time (s) b distance travelled (metre, m) = average speed (metre per second, m/s) × time (s)",no,no,yes,
edexcel,combined,physics,paper1,no,P2.7,Motion and forces,Analyse distance/time graphs including determination of speed from the gradient,no,no,yes,
edexcel,combined,physics,paper1,no,P2.8,Motion and forces,"Acceleration (metre per second squared, m/s2) = change in velocity (metre per second, m/s) ÷ time taken (second, s) ( ) t uva -=",no,no,yes,
edexcel,combined,physics,paper1,no,P2.9,Motion and forces,"(final velocity)2 ((metre/second)2, (m/s)2) - (initial velocity)2 ((metre/second)2, (m/s)2) = 2 × acceleration (metre per second squared, m/s2) × distance (metre, m)",no,no,yes,
edexcel,combined,physics,paper1,no,P2.10,Motion and forces,Analyse velocity/time graphs to: compare acceleration from gradients qualitatively; calculate the acceleration from the gradient (for uniform acceleration only); determine the distance travelled using the area between the graph line and the time axis (for uniform acceleration only),no,no,yes,
edexcel,combined,physics,paper1,no,P2.11,Motion and forces,A range of laboratory methods for determining the speeds of objects such as the use of light gates,no,no,yes,
edexcel,combined,physics,paper1,no,P2.12,Motion and forces,"Typical speeds encountered in everyday experience for wind and sound, and for walking, running, cycling and other transportation systems",no,no,yes,
edexcel,combined,physics,paper1,no,P2.13,Motion and forces,"The acceleration, g, in free fall is 10 m/s2 and be able to estimate the magnitudes of everyday accelerations",no,no,yes,
edexcel,combined,physics,paper1,no,P2.14,Motion and forces,"Newton’s first law and use it in the following situations: where the resultant force on a body is zero, i.e. the body is moving at a constant velocity or is at rest; where the resultant force is not zero, i.e. the speed and/or direction of the body change(s)",no,no,yes,
edexcel,combined,physics,paper1,no,P2.15,Motion and forces,"Newton’s second law as: force (newton, N) = mass (kilogram, kg) × acceleration (metre per second squared, m/s2)",no,no,yes,
edexcel,combined,physics,paper1,no,P2.16,Motion and forces,"Weight (newton, N) = mass (kilogram, kg) × gravitational field strength (newton per kilogram, N/kg)",no,no,yes,
edexcel,combined,physics,paper1,no,P2.17,Motion and forces,Weight is measured,no,no,yes,
edexcel,combined,physics,paper1,no,P2.18,Motion and forces,Relationship between the weight of a body and the gravitational field strength 1c,no,no,yes,
edexcel,combined,physics,paper1,no,P2.19,Motion and forces,"Practical: relationship between force, mass and acceleration by varying the masses added to trolleys",no,yes,yes,
edexcel,combined,physics,paper1,no,P2.20,Motion and forces,An object moving in a circular orbit at constant speed has a changing velocity (qualitative only),yes,no,yes,
edexcel,combined,physics,paper1,no,P2.21,Motion and forces,For motion in a circle there must be a resultant force known as a centripetal force that acts towards the centre of the circle,yes,no,yes,
edexcel,combined,physics,paper1,no,P2.22,Motion and forces,Inertial mass is a measure of how difficult it is to change the velocity of an object (including from rest) and know that it is defined as the ratio of force over acceleration,yes,no,yes,
edexcel,combined,physics,paper1,no,P2.23,Motion and forces,Apply Newton’s third law both to equilibrium situations and to collision interactions and relate it to the conservation of momentum in collisions,yes,no,yes,
edexcel,combined,physics,paper1,no,P2.24,Motion and forces,"Momentum (kilogram metre per second, kg m/s) = mass (kilogram, kg) × velocity (metre per second, m/s)",yes,no,yes,
edexcel,combined,physics,paper1,no,P2.25,Motion and forces,Examples of momentum in collisions,yes,no,yes,
edexcel,combined,physics,paper1,no,P2.26,Motion and forces,"Use Newton’s second law as: force (newton, N) = change in momentum (kilogram metre per second, kg m/s) ÷ time (second, s) ( ) t mumvF -=",yes,no,yes,
edexcel,combined,physics,paper1,no,P2.27,Motion and forces,Methods of measuring human reaction times and recall typical results,no,no,yes,
edexcel,combined,physics,paper1,no,P2.28,Motion and forces,The stopping distance of a vehicle is made up of the sum of the thinking distance and the braking distance,no,no,yes,
edexcel,combined,physics,paper1,no,P2.29,Motion and forces,The stopping distance of a vehicle is affected by a range of factors including: the mass of the vehicle; the speed of the vehicle; the driver’s reaction time; the state of the vehicle’s brakes; the state of the road; the amount of friction between the tyre and the road surface,no,no,yes,
edexcel,combined,physics,paper1,no,P2.30,Motion and forces,Factors affecting a driver’s reaction time including drugs and distractions,no,no,yes,
edexcel,combined,physics,paper1,no,P2.31,Motion and forces,The dangers caused by large decelerations and estimate the forces involved in typical situations on a public road,yes,no,yes,
edexcel,triple,physics,paper1,no,P2.32,Motion and forces,Estimate how the distance required for a road vehicle to stop in an emergency varies over a range of typical speeds,no,no,yes,
edexcel,triple,physics,paper1,no,P2.33,Motion and forces,Carry out calculations on work done to show the dependence of braking distance for a vehicle on initial velocity squared (work done to bring a vehicle to rest equals its initial kinetic energy),no,no,yes,
edexcel,combined,physics,paper1,no,P3.1,Conservation of energy,"The change in gravitational PE when an object is raised above the ground: change in gravitational potential energy (joule, J) = mass (kilogram, kg) × gravitational field strength (newton per kilogram, N/kg) × change in vertical height (metre, m) hgmGPE",no,no,yes,
edexcel,combined,physics,paper1,no,P3.2,Conservation of energy,"The amounts of energy associated with a moving object: kinetic energy (joule, J) = 0.5 × mass (kilogram, kg) × (speed)2 ((metre/second)2, (m/s)2)",no,no,yes,
edexcel,combined,physics,paper1,no,P3.3,Conservation of energy,Diagrams to represent energy transfers,no,no,yes,
edexcel,combined,physics,paper1,no,P3.4,Conservation of energy,Conservation of energy,no,no,yes,
edexcel,combined,physics,paper1,no,P3.5,Conservation of energy,"Analyse the changes involved in the way energy is stored when a system changes, including: an object projected upwards or up a slope; moving object hitting an obstacle; an object being accelerated by a constant force; vehicle slowing down; bringing water to a boil in an electric kettle",no,no,yes,
edexcel,combined,physics,paper1,no,P3.6,Conservation of energy,Where there are energy transfers in a closed system there is no net change to the total energy in that system,no,no,yes,
edexcel,combined,physics,paper1,no,P3.7,Conservation of energy,Mechanical processes become wasteful when they cause a rise in temperature so dissipating energy in heating the surroundings,no,no,yes,
edexcel,combined,physics,paper1,no,P3.8,Conservation of energy,"Using examples, how in all system changes energy is dissipated so that it is stored in less useful ways",no,no,yes,
edexcel,combined,physics,paper1,no,P3.9,Conservation of energy,"Ways of reducing unwanted energy transfer including through lubrication, thermal insulation",no,no,yes,
edexcel,combined,physics,paper1,no,P3.10,Conservation of energy,Effects of the thickness and thermal conductivity of the walls of a building on its rate of cooling qualitatively,no,no,yes,
edexcel,combined,physics,paper1,no,P3.11,Conservation of energy,Efficiency = useful energy transferred by the device ÷ total energy supplied to the device,no,no,yes,
edexcel,combined,physics,paper1,no,P3.12,Conservation of energy,Efficiency can be increased,yes,no,yes,
edexcel,combined,physics,paper1,no,P3.13,Conservation of energy,"Main energy sources available for use on Earth (including fossil fuels, nuclear fuel, bio-fuel, wind, hydro- electricity, the tides and the Sun), and compare the ways in which both renewable and non-renewable sources are used",no,no,yes,
edexcel,combined,physics,paper1,no,P3.14,Conservation of energy,Patterns and trends in the use of energy resources,no,no,yes,
edexcel,combined,physics,paper1,no,P4.1,Waves,Waves transfer energy and information without transferring matter,no,no,yes,
edexcel,combined,physics,paper1,no,P4.2,Waves,Evidence that with water and sound waves it is the wave and not the water or air itself that travels,no,no,yes,
edexcel,combined,physics,paper1,no,P4.3,Waves,Use the terms frequency and wavelength as applied to waves,no,no,yes,
edexcel,combined,physics,paper1,no,P4.4,Waves,"Use the terms amplitude, period, wave velocity and wavefront as applied to waves",no,no,yes,
edexcel,combined,physics,paper1,no,P4.5,Waves,"Longitudinal and transverse waves by referring to sound, electromagnetic, seismic and water waves",no,no,yes,
edexcel,combined,physics,paper1,no,P4.6,Waves,"Wave speed (metre/second, m/s) = frequency (hertz, Hz) × wavelength (metre, m) wave speed (metre/second, m/s) = distance (metre, m) ÷ time (second, s)",no,no,yes,
edexcel,combined,physics,paper1,no,P4.7,Waves,To measure the velocity of sound in air and ripples on water surfaces,no,no,yes,
edexcel,triple,physics,paper1,no,P4.8,Waves,Depth or distance from time and wave velocity,yes,no,yes,
edexcel,triple,physics,paper1,no,P4.9,Waves,Effects of a reflection b refraction c transmission d absorption of waves at material interfaces,no,no,yes,
edexcel,combined,physics,paper1,no,P4.10,Waves,Waves will be refracted at a boundary in terms of the change of direction and speed,yes,no,yes,
edexcel,combined,physics,paper1,no,P4.11,Waves,"Different substances may absorb, transmit, refract or reflect waves in ways that vary with wavelength",yes,no,yes,
edexcel,triple,physics,paper1,no,P4.12,Waves,"Processes which convert wave disturbances between sound waves and vibrations in solids, and a explain why such processes only work over a limited frequency range b use this to explain the way the human ear works",yes,no,yes,
edexcel,triple,physics,paper1,no,P4.13,Waves,"Sound with frequencies greater than 20 000 hertz, Hz, is known as ultrasound",yes,no,yes,
edexcel,triple,physics,paper1,no,P4.14,Waves,"Sound with frequencies less than 20 hertz, Hz, is known as infrasound",yes,no,yes,
edexcel,triple,physics,paper1,no,P4.15,Waves,"Uses of ultrasound and infrasound, including sonar; foetal scanning; exploration of the Earth’s core",yes,no,yes,
edexcel,triple,physics,paper1,no,P4.16,Waves,"Changes, if any, in velocity, frequency and wavelength, in the transmission of sound waves from one medium to another are inter-related",no,no,yes,
edexcel,combined,physics,paper1,no,P4.17,Waves,"Practical: suitability of equipment to measure the speed, frequency and wavelength of a wave in a solid and a fluid",no,yes,yes,
edexcel,triple,physics,paper1,no,P5.1,Light and the electromagnetic spectrum,"With the aid of ray diagrams, reflection, refraction and total internal reflection (TIR), including the law of reflection and critical angle",no,no,yes,
edexcel,triple,physics,paper1,no,P5.2,Light and the electromagnetic spectrum,The difference between specular and diffuse reflection,no,no,yes,
edexcel,triple,physics,paper1,no,P5.3,Light and the electromagnetic spectrum,Colour of light is related to a differential absorption at surfaces b transmission of light through filters,no,no,yes,
edexcel,triple,physics,paper1,no,P5.4,Light and the electromagnetic spectrum,Relate the power of a lens to its focal length and shape,no,no,yes,
edexcel,triple,physics,paper1,no,P5.5,Light and the electromagnetic spectrum,Use ray diagrams to show the similarities and differences in the refraction of light by converging and diverging lenses,no,no,yes,
edexcel,triple,physics,paper1,no,P5.6,Light and the electromagnetic spectrum,Different types of lens in producing real and virtual images,no,no,yes,
edexcel,combined,physics,paper1,no,P5.7,Light and the electromagnetic spectrum,"All electromagnetic waves are transverse, that they travel at the same speed in a vacuum",no,no,yes,
edexcel,combined,physics,paper1,no,P5.8,Light and the electromagnetic spectrum,"With examples, that all electromagnetic waves transfer energy from source to observer",no,no,yes,
edexcel,combined,physics,paper1,no,P5.9,Light and the electromagnetic spectrum,Practical: refraction in rectangular glass blocks in terms of the interaction of electromagnetic waves with matter,no,yes,yes,
edexcel,combined,physics,paper1,no,P5.10,Light and the electromagnetic spectrum,"Main groupings of the continuous electromagnetic spectrum including (in order) radio waves, microwaves, infrared, visible (including the colours of the visible spectrum), ultraviolet, x-rays and gamma rays",no,no,yes,
edexcel,combined,physics,paper1,no,P5.11,Light and the electromagnetic spectrum,Electromagnetic spectrum as continuous from radio waves to gamma rays and that the radiations within it can be grouped in order of decreasing wavelength and increasing frequency,no,no,yes,
edexcel,combined,physics,paper1,no,P5.12,Light and the electromagnetic spectrum,Our eyes can only detect a limited range of frequencies of electromagnetic radiation,no,no,yes,
edexcel,combined,physics,paper1,no,P5.13,Light and the electromagnetic spectrum,"Different substances may absorb, transmit, refract or reflect electromagnetic waves in ways that vary with wavelength",yes,no,yes,
edexcel,combined,physics,paper1,no,P5.14,Light and the electromagnetic spectrum,Differences in the velocities of electromagnetic waves in different substances,yes,no,yes,
edexcel,triple,physics,paper1,no,P5.15,Light and the electromagnetic spectrum,"All bodies emit radiation, that the intensity and wavelength distribution of any emission depends on their temperature",no,no,yes,
edexcel,triple,physics,paper1,no,P5.16,Light and the electromagnetic spectrum,For a body to be at a constant temperature it needs to radiate the same average power that it absorbs,yes,no,yes,
edexcel,triple,physics,paper1,no,P5.17,Light and the electromagnetic spectrum,Happens to a body if the average power it radiates is less or more than the average power that it absorbs,yes,no,yes,
edexcel,triple,physics,paper1,no,P5.18,Light and the electromagnetic spectrum,The temperature of the Earth is affected by factors controlling the balance between incoming radiation and radiation emitted,yes,no,yes,
edexcel,triple,physics,paper1,no,P5.19,Light and the electromagnetic spectrum,Practical: how the nature of a surface affects the amount of thermal energy radiated or absorbed,no,yes,yes,
edexcel,combined,physics,paper1,no,P5.20,Light and the electromagnetic spectrum,The potential danger associated with an electromagnetic wave increases with increasing frequency,no,no,yes,
edexcel,combined,physics,paper1,no,P5.21,Light and the electromagnetic spectrum,"Harmful effects on people of excessive exposure to electromagnetic radiation, including: microwaves: internal heating of body cells; infrared: skin burns; ultraviolet: damage to surface cells and eyes, leading to skin cancer and eye conditions; x-rays and gamma rays: mutation or damage to cells in the body",no,no,yes,
edexcel,combined,physics,paper1,no,P5.22,Light and the electromagnetic spectrum,"Uses of electromagnetic radiation: radio waves (broadcasting, communications and satellite transmissions); microwaves (cooking, communications and satellite transmissions); infrared (cooking, thermal imaging, short-range communications, optical fibres, television remote controls and security systems); visible light (vision, photography and illumination); ultraviolet (security marking, fluorescent lamps, detecting forged bank notes and disinfecting water); X-rays (internal structure of objects, airport security scanners and medical X-rays); gamma rays (sterilising food and medical equipment, and detecting and treating cancer)",no,no,yes,
edexcel,combined,physics,paper1,no,P5.23,Light and the electromagnetic spectrum,"Radio waves can be produced by, or can themselves induce, oscillations in electrical circuits",yes,no,yes,
edexcel,combined,physics,paper1,no,P5.24,Light and the electromagnetic spectrum,Changes in atoms and nuclei can a generate radiations over a wide frequency range b be caused by absorption of a range of radiations,no,no,yes,
edexcel,combined,physics,paper1,no,P6.1,Radioactivity,"An atom as a positively charged nucleus, consisting of protons and neutrons, surrounded by negatively charged electrons, with the nuclear radius much smaller than that of the atom and with almost all of the mass in the nucleus",no,no,yes,
edexcel,combined,physics,paper1,no,P6.2,Radioactivity,Typical size (order of magnitude) of atoms and small molecules,no,no,yes,
edexcel,combined,physics,paper1,no,P6.3,Radioactivity,Structure of nuclei of isotopes using the terms atomic (proton) number and mass (nucleon) number and using symbols in the format using symbols in the format C,no,no,yes,
edexcel,combined,physics,paper1,no,P6.4,Radioactivity,"The nucleus of each element has a characteristic positive charge, but that isotopes of an element differ in mass by having different numbers of neutrons",no,no,yes,
edexcel,combined,physics,paper1,no,P6.5,Radioactivity,"Relative masses and relative electric charges of protons, neutrons, electrons and positrons",no,no,yes,
edexcel,combined,physics,paper1,no,P6.6,Radioactivity,In an atom the number of protons equals the number of electrons and is therefore neutral,no,no,yes,
edexcel,combined,physics,paper1,no,P6.7,Radioactivity,In each atom its electrons orbit the nucleus at different set distances from the nucleus,no,no,yes,
edexcel,combined,physics,paper1,no,P6.8,Radioactivity,Electrons change orbit when there is absorption or emission of electromagnetic radiation,no,no,yes,
edexcel,combined,physics,paper1,no,P6.9,Radioactivity,Atoms may form positive ions by losing outer electrons,no,no,yes,
edexcel,combined,physics,paper1,no,P6.10,Radioactivity,"Alpha, β- (beta minus), β+ (positron), gamma rays and neutron radiation are emitted from unstable nuclei in a random process",no,no,yes,
edexcel,combined,physics,paper1,no,P6.11,Radioactivity,"Alpha, β- (beta minus), β+ (positron) and gamma rays are ionising radiations",no,no,yes,
edexcel,combined,physics,paper1,no,P6.12,Radioactivity,Background radiation,no,no,yes,
edexcel,combined,physics,paper1,no,P6.13,Radioactivity,Origins of background radiation from Earth and space,no,no,yes,
edexcel,combined,physics,paper1,no,P6.14,Radioactivity,Methods for measuring and detecting radioactivity limited to photographic film and a Geiger-Müller tube,no,no,yes,
edexcel,combined,physics,paper1,no,P6.15,Radioactivity,"An alpha particle is equivalent to a helium nucleus, a beta particle is an electron emitted from the nucleus and a gamma ray is electromagnetic radiation",no,no,yes,
edexcel,combined,physics,paper1,no,P6.16,Radioactivity,"Alpha, beta and gamma radiations in terms of their abilities to penetrate and ionise",no,no,yes,
edexcel,combined,physics,paper1,no,P6.17,Radioactivity,Why the atomic model has changed over time including reference to the plum pudding model and Rutherford alpha particle scattering leading to the Bohr model,no,no,yes,
edexcel,combined,physics,paper1,no,P6.18,Radioactivity,Process of β- decay (a neutron becomes a proton plus an electron),no,no,yes,
edexcel,combined,physics,paper1,no,P6.19,Radioactivity,Process of β+ decay (a proton becomes a neutron plus a positron),no,no,yes,
edexcel,combined,physics,paper1,no,P6.20,Radioactivity,"The effects on the atomic (proton) number and mass (nucleon) number of radioactive decays (α, β, γ and neutron emission)",no,no,yes,
edexcel,combined,physics,paper1,no,P6.21,Radioactivity,Nuclei that have undergone radioactive decay often undergo nuclear rearrangement with a loss of energy as gamma radiation,no,no,yes,
edexcel,combined,physics,paper1,no,P6.22,Radioactivity,Use given data to balance nuclear equations in terms of mass and charge,no,no,yes,
edexcel,combined,physics,paper1,no,P6.23,Radioactivity,The activity of a radioactive source decreases over a period of time,no,no,yes,
edexcel,combined,physics,paper1,no,P6.24,Radioactivity,"The unit of activity of a radioactive isotope is the Becquerel, Bq",no,no,yes,
edexcel,combined,physics,paper1,no,P6.25,Radioactivity,The half-life of a radioactive isotope is the time taken for half the undecayed nuclei to decay or the activity of a source to decay by half,no,no,yes,
edexcel,combined,physics,paper1,no,P6.26,Radioactivity,It cannot be predicted when a particular nucleus will decay but half-life enables the activity of a very large number of nuclei to be predicted during the decay process,no,no,yes,
edexcel,combined,physics,paper1,no,P6.27,Radioactivity,"Use the concept of half-life to carry out simple calculations on the decay of a radioactive isotope, including graphical representations",no,no,yes,
edexcel,triple,physics,paper1,no,P6.28,Radioactivity,"Uses of radioactivity, including: household fire (smoke) alarms; irradiating food; sterilisation of equipment; tracing and gauging thicknesses; diagnosis and treatment of cancer",no,no,yes,
edexcel,combined,physics,paper1,no,P6.29,Radioactivity,Dangers of ionising radiation in terms of tissue damage and possible mutations and relate this to the precautions needed,no,no,yes,
edexcel,triple,physics,paper1,no,P6.30,Radioactivity,The dangers of ionising radiation depend on half- life and relate this to the precautions needed,no,no,yes,
edexcel,combined,physics,paper1,no,P6.31,Radioactivity,"The precautions taken to ensure the safety of people exposed to radiation, including limiting the dose for patients and the risks to medical personnel",no,no,yes,
edexcel,combined,physics,paper1,no,P6.32,Radioactivity,Contamination and irradiation effects and compare the hazards associated with these two,no,no,yes,
edexcel,triple,physics,paper1,no,P6.33,Radioactivity,Contrast the treatment of tumours using radiation applied internally or externally,no,no,yes,
edexcel,triple,physics,paper1,no,P6.34,Radioactivity,"Some of the uses of radioactive substances in diagnosis of medical conditions, including PET scanners and tracers",no,no,yes,
edexcel,triple,physics,paper1,no,P6.35,Radioactivity,Isotopes used in PET scanners have to be produced nearby,no,no,yes,
edexcel,triple,physics,paper1,no,P6.36,Radioactivity,"The advantages and disadvantages of nuclear power for generating electricity, including the lack of carbon dioxide emissions, risks, public perception, waste disposal and safety issues",no,no,yes,
edexcel,triple,physics,paper1,no,P6.37,Radioactivity,"Nuclear reactions, including fission, fusion and radioactive decay, can be a source of energy",no,no,yes,
edexcel,triple,physics,paper1,no,P6.38,Radioactivity,"The fission of U-235 produces two daughter nuclei and the emission of two or more neutrons, accompanied by a release of energy",no,no,yes,
edexcel,triple,physics,paper1,no,P6.39,Radioactivity,The principle of a controlled nuclear chain reaction,no,no,yes,
edexcel,triple,physics,paper1,no,P6.40,Radioactivity,"The chain reaction is controlled in a nuclear reactor, including the action of moderators and control rods",no,no,yes,
edexcel,triple,physics,paper1,no,P6.41,Radioactivity,Thermal (heat) energy from the chain reaction is used in the generation of electricity in a nuclear power station,no,no,yes,
edexcel,triple,physics,paper1,no,P6.42,Radioactivity,The products of nuclear fission are radioactive,no,no,yes,
edexcel,triple,physics,paper1,no,P6.43,Radioactivity,"Nuclear fusion as the creation of larger nuclei resulting in a loss of mass from smaller nuclei, accompanied by a release of energy, and recognise fusion as the energy source for stars",no,no,yes,
edexcel,triple,physics,paper1,no,P6.44,Radioactivity,The difference between nuclear fusion and nuclear fission,no,no,yes,
edexcel,triple,physics,paper1,no,P6.45,Radioactivity,"Nuclear fusion does not happen at low temperatures and pressures, due to electrostatic repulsion of protons",no,no,yes,
edexcel,triple,physics,paper1,no,P6.46,Radioactivity,Relate the conditions for fusion to the difficulty of making a practical and economic form of power station,no,no,yes,
edexcel,triple,physics,paper1,no,P7.1,Astronomy,"Why both the weight of any body and the value of g differ between the surface of the Earth and the surface of other bodies in space, including the Moon",no,no,yes,
edexcel,triple,physics,paper1,no,P7.2,Astronomy,"Our Solar System consists of the Sun (our star), eight planets and their natural satellites (such as our Moon); dwarf planets; asteroids and comets",no,no,yes,
edexcel,triple,physics,paper1,no,P7.3,Astronomy,"Names and order, in terms of distance from the Sun, of the eight planets",no,no,yes,
edexcel,triple,physics,paper1,no,P7.4,Astronomy,Ideas about the structure of the Solar System have changed over time,no,no,yes,
edexcel,triple,physics,paper1,no,P7.5,Astronomy,"Orbits of moons, planets, comets and artificial satellites",no,no,yes,
edexcel,triple,physics,paper1,no,P7.6,Astronomy,For circular orbits how the force of gravity can lead to changing velocity of a planet but unchanged speed,no,no,yes,
edexcel,triple,physics,paper1,no,P7.7,Astronomy,"How, for a stable orbit, the radius must change if orbital speed changes (qualitative only)",no,no,yes,
edexcel,triple,physics,paper1,no,P7.8,Astronomy,Steady State and Big Bang theories,no,no,yes,
edexcel,triple,physics,paper1,no,P7.9,Astronomy,"Evidence supporting the Big Bang theory, limited to red-shift and the cosmic microwave background (CMB) radiation",no,no,yes,
edexcel,triple,physics,paper1,no,P7.10,Astronomy,"As there is more evidence supporting the Big Bang theory than the Steady State theory, it is the currently accepted model for the origin of the Universe",no,no,yes,
edexcel,triple,physics,paper1,no,P7.11,Astronomy,That if a wave source is moving relative to an observer there will be a change in the observed frequency and wavelength,no,no,yes,
edexcel,triple,physics,paper1,no,P7.12,Astronomy,Red-shift in light received from galaxies at different distances away from the Earth,no,no,yes,
edexcel,triple,physics,paper1,no,P7.13,Astronomy,The red-shift of galaxies provides evidence for the Universe expanding,no,no,yes,
edexcel,triple,physics,paper1,no,P7.14,Astronomy,Both the Big Bang and Steady State theories of the origin of the Universe both account for red-shift of galaxies,no,no,yes,
edexcel,triple,physics,paper1,no,P7.15,Astronomy,The discovery of the CMB radiation led to the Big Bang theory becoming the currently accepted model,no,no,yes,
edexcel,triple,physics,paper1,no,P7.16,Astronomy,Evolution of stars of similar mass to the Sun through the following stages: nebula; star (main sequence); red giant; white dwarf,no,no,yes,
edexcel,triple,physics,paper1,no,P7.17,Astronomy,The balance between thermal expansion and gravity affects the life cycle of stars,no,no,yes,
edexcel,triple,physics,paper1,no,P7.18,Astronomy,Evolution of stars with a mass larger than the Sun,no,no,yes,
edexcel,triple,physics,paper1,no,P7.19,Astronomy,Methods of observing the Universe have changed over time including why some telescopes are located outside the Earth’s atmosphere,no,no,yes,
edexcel,combined,physics,paper2,no,P8.1,Energy – forces doing work,Changes involved in the way energy is stored when systems change,no,no,yes,
edexcel,combined,physics,paper2,no,P8.2,Energy – forces doing work,Diagrams to represent energy transfers,no,no,yes,
edexcel,combined,physics,paper2,no,P8.3,Energy – forces doing work,Where there are energy transfers in a closed system there is no net change to the total energy in that system,no,no,yes,
edexcel,combined,physics,paper2,no,P8.4,Energy – forces doing work,The different ways that the energy of a system can be changed a through work done by forces b in electrical equipment c in heating,no,no,yes,
edexcel,combined,physics,paper2,no,P8.5,Energy – forces doing work,"To measure the work done by a force and understand that energy transferred (joule, J) is equal to work done (joule, J)",no,no,yes,
edexcel,combined,physics,paper2,no,P8.6,Energy – forces doing work,"Work done (joule, J) = force (newton, N) × distance moved in the direction of the force (metre, m)",no,no,yes,
edexcel,combined,physics,paper2,no,P8.7,Energy – forces doing work,Changes in energy involved when a system is changed by work done by forces,no,no,yes,
edexcel,combined,physics,paper2,no,P8.8,Energy – forces doing work,"The change in gravitational PE when an object is raised above the ground: change in gravitational potential energy (joule, J) = mass (kilogram, kg) × gravitational field strength (newton per kilogram, N/kg) × change in vertical height (metre, m) hgmGPE",no,no,yes,
edexcel,combined,physics,paper2,no,P8.9,Energy – forces doing work,"The amounts of energy associated with a moving object: kinetic energy (joule, J) = 0.5 × mass (kilogram, kg) × (speed)2 ((metre/second)2, (m/s)2)",no,no,yes,
edexcel,combined,physics,paper2,no,P8.10,Energy – forces doing work,"Using examples, how in all system changes energy is dissipated so that it is stored in less useful ways",no,no,yes,
edexcel,combined,physics,paper2,no,P8.11,Energy – forces doing work,Mechanical processes become wasteful when they cause a rise in temperature so dissipating energy in heating the surroundings,no,no,yes,
edexcel,combined,physics,paper2,no,P8.12,Energy – forces doing work,Power as the rate at which energy is transferred and use examples to explain this definition,no,no,yes,
edexcel,combined,physics,paper2,no,P8.13,Energy – forces doing work,"Power (watt, W) = work done (joule, J) ÷ time taken (second, s) t EP =",no,no,yes,
edexcel,combined,physics,paper2,no,P8.14,Energy – forces doing work,"One watt is equal to one joule per second, J/s",no,no,yes,
edexcel,combined,physics,paper2,no,P8.15,Energy – forces doing work,Efficiency = useful energy transferred by the device ÷ total energy supplied to the device,no,no,yes,
edexcel,combined,physics,paper2,no,P9.1,Forces and their effects,"With examples, how objects can interact a at a distance without contact, linking these to the gravitational, electrostatic and magnetic fields involved b by contact, including normal contact force and friction c producing pairs of forces which can be represented as vectors",no,no,yes,
edexcel,combined,physics,paper2,no,P9.2,Forces and their effects,The difference between vector and scalar quantities using examples,no,no,yes,
edexcel,combined,physics,paper2,no,P9.3,Forces and their effects,"Use vector diagrams to illustrate resolution of forces, a net force, and equilibrium situations (scale drawings only)",yes,no,yes,
edexcel,combined,physics,paper2,no,P9.4,Forces and their effects,Draw and use free body force diagrams,yes,no,yes,
edexcel,combined,physics,paper2,no,P9.5,Forces and their effects,Examples of the forces acting on an isolated solid object or a system where several forces lead to a resultant force on an object and the special case of balanced forces when the resultant force is zero,yes,no,yes,
edexcel,triple,physics,paper2,no,P9.6,Forces and their effects,Situations where forces can cause rotation,no,no,yes,
edexcel,triple,physics,paper2,no,P9.7,Forces and their effects,"Moment of a force (newton metre, N m) = force (newton, N) × distance normal to the direction of the force (metre, m)",no,no,yes,
edexcel,triple,physics,paper2,no,P9.8,Forces and their effects,The principle of moments in situations where rotational forces are in equilibrium: the sum of clockwise moments = the sum of anti-clockwise moments for rotational forces in equilibrium,no,no,yes,
edexcel,triple,physics,paper2,no,P9.9,Forces and their effects,Levers and gears transmit the rotational effects of forces,no,no,yes,
edexcel,combined,physics,paper2,no,P9.10,Forces and their effects,Ways of reducing unwanted energy transfer through lubrication,no,no,yes,
edexcel,combined,physics,paper2,no,P10.1,Electricity and circuits,"Structure of the atom, limited to the position, mass and charge of protons, neutrons and electrons",no,no,yes,
edexcel,combined,physics,paper2,no,P10.2,Electricity and circuits,"Draw and use electric circuit diagrams representing them with the conventions of positive and negative terminals, and the symbols that represent cells, including batteries, switches, voltmeters, ammeters, resistors, variable resistors, lamps, motors, diodes, thermistors, LDRs and LEDs",no,no,yes,
edexcel,combined,physics,paper2,no,P10.3,Electricity and circuits,Series and parallel circuits,no,no,yes,
edexcel,combined,physics,paper2,no,P10.4,Electricity and circuits,"A voltmeter is connected in parallel with a component to measure the potential difference (voltage), in volt, across it",no,no,yes,
edexcel,combined,physics,paper2,no,P10.5,Electricity and circuits,Potential difference (voltage) is the energy transferred per unit charge passed and hence that the volt is a joule per coulomb,no,no,yes,
edexcel,combined,physics,paper2,no,P10.6,Electricity and circuits,"Energy transferred (joule, J) = charge moved (coulomb, C) × potential difference (volt, V)",no,no,yes,
edexcel,combined,physics,paper2,no,P10.7,Electricity and circuits,"An ammeter is connected in series with a component to measure the current, in amp, in the component",no,no,yes,
edexcel,combined,physics,paper2,no,P10.8,Electricity and circuits,An electric current as the rate of flow of charge and the current in metals is a flow of electrons,no,no,yes,
edexcel,combined,physics,paper2,no,P10.9,Electricity and circuits,"Charge (coulomb, C) = current (ampere, A) × time (second, s)",no,no,yes,
edexcel,combined,physics,paper2,no,P10.10,Electricity and circuits,That when a closed circuit includes a source of potential difference there will be a current in the circuit,no,no,yes,
edexcel,combined,physics,paper2,no,P10.11,Electricity and circuits,Current is conserved at a junction in a circuit,no,no,yes,
edexcel,combined,physics,paper2,no,P10.12,Electricity and circuits,Changing the resistance in a circuit changes the current and how this can be achieved using a variable resistor,no,no,yes,
edexcel,combined,physics,paper2,no,P10.13,Electricity and circuits,"Potential difference (volt, V) = current (ampere, A) × resistance (ohm, Ω)",no,no,yes,
edexcel,combined,physics,paper2,no,P10.14,Electricity and circuits,"Why, if two resistors are in series, the net resistance is increased, whereas with two in parallel the net resistance is decreased",no,no,yes,
edexcel,combined,physics,paper2,no,P10.15,Electricity and circuits,"Currents, potential differences and resistances in series circuits",no,no,yes,
edexcel,combined,physics,paper2,no,P10.16,Electricity and circuits,The design and construction of series circuits for testing and measuring,no,no,yes,
edexcel,combined,physics,paper2,no,P10.17,Electricity and circuits,"Practical: construct electrical circuits to: investigate the relationship between potential difference, current and resistance for a resistor and a filament lamp; test series and parallel circuits using resistors and filament lamps",no,yes,yes,
edexcel,combined,physics,paper2,no,P10.18,Electricity and circuits,Current varies with potential difference for the following devices and how this relates to resistance a filament lamps b diodes c fixed resistors,no,no,yes,
edexcel,combined,physics,paper2,no,P10.19,Electricity and circuits,The resistance of a light-dependent resistor (LDR) varies with light intensity,no,no,yes,
edexcel,combined,physics,paper2,no,P10.20,Electricity and circuits,The resistance of a thermistor varies with change of temperature (negative temperature coefficient thermistors only),no,no,yes,
edexcel,combined,physics,paper2,no,P10.21,Electricity and circuits,The design and use of circuits can be used to explore the variation of resistance in the following devices a filament lamps b diodes c thermistors d LDRs,no,no,yes,
edexcel,combined,physics,paper2,no,P10.22,Electricity and circuits,"That, when there is an electric current in a resistor, there is an energy transfer which heats the resistor",no,no,yes,
edexcel,combined,physics,paper2,no,P10.23,Electricity and circuits,Electrical energy is dissipated as thermal energy in the surroundings when an electrical current does work against electrical resistance,no,no,yes,
edexcel,combined,physics,paper2,no,P10.24,Electricity and circuits,The energy transfer (in 10.22 above) as the result of collisions between electrons and the ions in the lattice,no,no,yes,
edexcel,combined,physics,paper2,no,P10.25,Electricity and circuits,Ways of reducing unwanted energy transfer through low resistance wires,yes,no,yes,
edexcel,combined,physics,paper2,no,P10.26,Electricity and circuits,Advantages and disadvantages of the heating effect of an electric current,no,no,yes,
edexcel,combined,physics,paper2,no,P10.27,Electricity and circuits,"Energy transferred (joule, J) = current (ampere, A) × potential difference (volt, V) × time (second, s)",no,no,yes,
edexcel,combined,physics,paper2,no,P10.28,Electricity and circuits,Power as the energy transferred per second and recall that it is measured in watt,no,no,yes,
edexcel,combined,physics,paper2,no,P10.29,Electricity and circuits,"Power (watt, W) = energy transferred (joule, J) ÷ time taken (second, s) t EP =",no,no,yes,
edexcel,combined,physics,paper2,no,P10.30,Electricity and circuits,The power transfer in any circuit device is related to the potential difference across it and the current in it,no,no,yes,
edexcel,combined,physics,paper2,no,P10.31,Electricity and circuits,"Electrical power (watt, W) = current (ampere, A) × potential difference (volt, V) power (watt, W) = current squared (ampere2, A2) × resistance (ohm, Ω)",no,no,yes,
edexcel,combined,physics,paper2,no,P10.32,Electricity and circuits,"How, in different domestic devices, energy is transferred from batteries and the a.c. mains to the energy of motors and heating devices",no,no,yes,
edexcel,combined,physics,paper2,no,P10.33,Electricity and circuits,The difference between direct and alternating voltage,no,no,yes,
edexcel,combined,physics,paper2,no,P10.34,Electricity and circuits,Direct current (d.c.) as movement of charge in one direction only and recall that cells and batteries supply direct current (d.c.),no,no,yes,
edexcel,combined,physics,paper2,no,P10.35,Electricity and circuits,That in alternating current (a.c.) the movement of charge changes direction,no,no,yes,
edexcel,combined,physics,paper2,no,P10.36,Electricity and circuits,"In the UK the domestic supply is a.c., at a frequency of 50 Hz and a voltage of about 230 V",no,no,yes,
edexcel,combined,physics,paper2,no,P10.37,Electricity and circuits,The difference in function between the live and the neutral mains input wires,no,no,yes,
edexcel,combined,physics,paper2,no,P10.38,Electricity and circuits,The function of an earth wire and of fuses or circuit breakers in ensuring safety,no,no,yes,
edexcel,combined,physics,paper2,no,P10.39,Electricity and circuits,Switches and fuses should be connected in the live wire of a domestic circuit,no,no,yes,
edexcel,combined,physics,paper2,no,P10.40,Electricity and circuits,"Potential differences between the live, neutral and earth mains wires",no,no,yes,
edexcel,combined,physics,paper2,no,P10.41,Electricity and circuits,The dangers of providing any connection between the live wire and earth,no,no,yes,
edexcel,combined,physics,paper2,no,P10.42,Electricity and circuits,"With examples, the relationship between the power ratings for domestic electrical appliances and the changes in stored energy when they are in use",no,no,yes,
edexcel,triple,physics,paper2,no,P11.1,Static electricity,"An insulator can be charged by friction, through the transfer of electrons",no,no,yes,
edexcel,triple,physics,paper2,no,P11.2,Static electricity,The material gaining electrons becomes negatively charged and the material losing electrons is left with an equal positive charge,no,no,yes,
edexcel,triple,physics,paper2,no,P11.3,Static electricity,Like charges repel and unlike charges attract,no,no,yes,
edexcel,triple,physics,paper2,no,P11.4,Static electricity,"Common electrostatic phenomena in terms of movement of electrons, including shocks from everyday objects; lightning; attraction by induction such as a charged balloon attracted to a wall and a charged comb picking up small pieces of paper",no,no,yes,
edexcel,triple,physics,paper2,no,P11.5,Static electricity,Earthing removes excess charge by movement of electrons,no,no,yes,
edexcel,triple,physics,paper2,no,P11.6,Static electricity,"Some of the uses of electrostatic charges in everyday situations, including insecticide sprayers",no,no,yes,
edexcel,triple,physics,paper2,no,P11.7,Static electricity,"Some of the dangers of sparking in everyday situations, including fuelling cars, and the use of earthing to prevent dangerous build-up of charge",no,no,yes,
edexcel,triple,physics,paper2,no,P11.8,Static electricity,An electric field as the region where an electric charge experiences a force,no,no,yes,
edexcel,triple,physics,paper2,no,P11.9,Static electricity,Shape and direction of the electric field around a point charge and between parallel plates and relate the strength of the field to the concentration of lines,no,no,yes,
edexcel,triple,physics,paper2,no,P11.10,Static electricity,The concept of an electric field helps to explain the phenomena of static electricity,no,no,yes,
edexcel,combined,physics,paper2,no,P12.1,Magnetism and the motor effect,Unlike magnetic poles attract and like magnetic poles repel,no,no,yes,
edexcel,combined,physics,paper2,no,P12.2,Magnetism and the motor effect,"Uses of permanent and temporary magnetic materials including cobalt, steel, iron and nickel",no,no,yes,
edexcel,combined,physics,paper2,no,P12.3,Magnetism and the motor effect,The difference between permanent and induced magnets,no,no,yes,
edexcel,combined,physics,paper2,no,P12.4,Magnetism and the motor effect,"Shape and direction of the magnetic field around bar magnets and for a uniform field, and relate the strength of the field to the concentration of lines",no,no,yes,
edexcel,combined,physics,paper2,no,P12.5,Magnetism and the motor effect,Use of plotting compasses to show the shape and direction of the field of a magnet and the Earth’s magnetic field,no,no,yes,
edexcel,combined,physics,paper2,no,P12.6,Magnetism and the motor effect,The behaviour of a magnetic compass is related to evidence that the core of the Earth must be magnetic,no,no,yes,
edexcel,combined,physics,paper2,no,P12.7,Magnetism and the motor effect,To show that a current can create a magnetic effect and relate the shape and direction of the magnetic field around a long straight conductor to the direction of the current,no,no,yes,
edexcel,combined,physics,paper2,no,P12.8,Magnetism and the motor effect,The strength of the field depends on the size of the current and the distance from the long straight conductor,no,no,yes,
edexcel,combined,physics,paper2,no,P12.9,Magnetism and the motor effect,Inside a solenoid (an example of an electromagnet) the fields from individual coils a add together to form a very strong almost uniform field along the centre of the solenoid b cancel to give a weaker field outside the solenoid,no,no,yes,
edexcel,combined,physics,paper2,no,P12.10,Magnetism and the motor effect,A current carrying conductor placed near a magnet experiences a force and that an equal and opposite force acts on the magnet,yes,no,yes,
edexcel,combined,physics,paper2,no,P12.11,Magnetism and the motor effect,Magnetic forces are due to interactions between magnetic fields,yes,no,yes,
edexcel,combined,physics,paper2,no,P12.12,Magnetism and the motor effect,"Fleming’s left-hand rule to represent the relative directions of the force, the current and the magnetic field for cases where they are mutually perpendicular",yes,no,yes,
edexcel,combined,physics,paper2,no,P12.13,Magnetism and the motor effect,"Force on a conductor at right angles to a magnetic field carrying a current (newton, N) = magnetic flux density (tesla, T or newton per ampere metre, N/A m) × current (ampere, A) × length (metre, m)",yes,no,yes,
edexcel,triple,physics,paper2,no,P13.1,Electromagnetic induction,To produce an electric current by the relative movement of a magnet and a conductor a on a small scale in the laboratory b in the large-scale generation of electrical energy,yes,no,yes,
edexcel,combined,physics,paper2,no,P13.2,Electromagnetic induction,"Factors that affect the size and direction of an induced potential difference, and describe how the magnetic field produced opposes the original change",yes,no,yes,
edexcel,triple,physics,paper2,no,P13.3,Electromagnetic induction,Electromagnetic induction is used in alternators to generate current which alternates in direction (a.c.) and in dynamos to generate direct current (d.c.),yes,no,yes,
edexcel,triple,physics,paper2,no,P13.4,Electromagnetic induction,"The action of the microphone in converting the pressure variations in sound waves into variations in current in electrical circuits, and the reverse effect as used in loudspeakers and headphones",yes,no,yes,
edexcel,combined,physics,paper2,no,P13.5,Electromagnetic induction,An alternating current in one circuit can induce a current in another circuit in a transformer,yes,no,yes,
edexcel,combined,physics,paper2,no,P13.6,Electromagnetic induction,A transformer can change the size of an alternating voltage,yes,no,yes,
edexcel,triple,physics,paper2,no,P13.7,Electromagnetic induction,Use the turns ratio equation for transformers to calculate either the missing voltage or the missing number of turns: coilondarysecinturnsofnumber coilprimaryinturnsofnumber coilondarysecacrossdifferencepotential coilprimaryacrossdifferencepotential = N N V V s p s p =,yes,no,yes,
edexcel,combined,physics,paper2,no,P13.8,Electromagnetic induction,"Why, in the national grid, electrical energy is transferred at high voltages from power stations, and then transferred at lower voltages in each locality for domestic uses as it improves the efficiency by reducing heat loss in transmission lines",no,no,yes,
edexcel,combined,physics,paper2,no,P13.9,Electromagnetic induction,Where and why step-up and step-down transformers are used in the transmission of electricity in the national grid,no,no,yes,
edexcel,combined,physics,paper2,no,P13.10,Electromagnetic induction,"Potential difference across primary coil (volt, V) × current in primary coil (ampere, A) = potential difference across secondary coil (volt, V) × current in secondary coil (ampere, A) SSPP",no,no,yes,
edexcel,triple,physics,paper2,no,P13.11,Electromagnetic induction,"The advantages of power transmission in high- voltage cables, using the equations in 10.29, 10.31",yes,no,yes,
edexcel,combined,physics,paper2,no,P14.1,Particle model,"Use a simple kinetic theory model to explain the different states of matter (solids, liquids and gases) in terms of the movement and arrangement of particles",no,no,yes,
edexcel,combined,physics,paper2,no,P14.2,Particle model,"Density (kilogram per cubic metre, kg/m3) = mass (kilogram, kg) ÷ volume (cubic metre, m3) V m=ρ",no,no,yes,
edexcel,combined,physics,paper2,no,P14.3,Particle model,Practical: densities of solids and liquids,no,yes,yes,
edexcel,combined,physics,paper2,no,P14.4,Particle model,The differences in density between the different states of matter in terms of the arrangements of the atoms or molecules,no,no,yes,
edexcel,combined,physics,paper2,no,P14.5,Particle model,"That when substances melt, freeze, evaporate, boil, condense or sublimate mass is conserved and that these physical changes differ from some chemical changes because the material recovers its original properties if the change is reversed",no,no,yes,
edexcel,combined,physics,paper2,no,P14.6,Particle model,Heating a system will change the energy stored within the system and raise its temperature or produce changes of state,no,no,yes,
edexcel,combined,physics,paper2,no,P14.7,Particle model,The terms specific heat capacity and specific latent heat and explain the differences between them,no,no,yes,
edexcel,combined,physics,paper2,no,P14.8,Particle model,"Change in thermal energy (joule, J) = mass (kilogram, kg) × specific heat capacity (joule per kilogram degree Celsius, J/kg °C) × change in temperature (degree Celsius, °C) θ cmQ",no,no,yes,
edexcel,combined,physics,paper2,no,P14.9,Particle model,"Thermal energy for a change of state (joule , J) = mass (kilogram, kg) × specific latent heat (joule per kilogram, J/kg)",no,no,yes,
edexcel,combined,physics,paper2,no,P14.10,Particle model,Ways of reducing unwanted energy transfer through thermal insulation,no,no,yes,
edexcel,combined,physics,paper2,no,P14.11,Particle model,Practical: properties of water by determining the specific heat capacity of water and obtaining a temperature-time graph for melting ice,no,yes,yes,
edexcel,combined,physics,paper2,no,P14.12,Particle model,The pressure of a gas in terms of the motion of its particles,no,no,yes,
edexcel,combined,physics,paper2,no,P14.13,Particle model,The effect of changing the temperature of a gas on the velocity of its particles and hence on the pressure produced by a fixed mass of gas at constant volume (qualitative only),no,no,yes,
edexcel,combined,physics,paper2,no,P14.14,Particle model,"Term absolute zero, -273 °C, in terms of the lack of movement of particles",no,no,yes,
edexcel,combined,physics,paper2,no,P14.15,Particle model,Convert between the kelvin and Celsius scales,no,no,yes,
edexcel,triple,physics,paper2,no,P14.16,Particle model,Gases can be compressed or expanded by pressure changes,no,no,yes,
edexcel,triple,physics,paper2,no,P14.17,Particle model,The pressure of a gas produces a net force at right angles to any surface,no,no,yes,
edexcel,triple,physics,paper2,no,P14.18,Particle model,The effect of changing the volume of a gas on the rate at which its particles collide with the walls of its container and hence on the pressure produced by a fixed mass of gas at constant temperature,no,no,yes,
edexcel,triple,physics,paper2,no,P14.19,Particle model,2211 to calculate pressure or volume for gases of fixed mass at constant temperature,no,no,yes,
edexcel,triple,physics,paper2,no,P14.20,Particle model,"Doing work on a gas can increase its temperature, including bicycle pump",yes,no,yes,
edexcel,combined,physics,paper2,no,P15.1,Forces and matter,"Using springs and other elastic objects, that stretching, bending or compressing an object requires more than one force",no,no,yes,
edexcel,combined,physics,paper2,no,P15.2,Forces and matter,Elastic and inelastic distortion,no,no,yes,
edexcel,combined,physics,paper2,no,P15.3,Forces and matter,"Linear elastic distortion including calculating the spring constant: force exerted on a spring (newton, N) = spring constant (newton per metre, N/m) × extension (metre, m)",no,no,yes,
edexcel,combined,physics,paper2,no,P15.4,Forces and matter,"The work done in stretching a spring: energy transferred in stretching (joule, J) = 0.5 × spring constant (newton per metre, N/m) × (extension (metre, m))2 1",no,no,yes,
edexcel,combined,physics,paper2,no,P15.5,Forces and matter,Linear and non-linear relationships between force and extension,no,no,yes,
edexcel,combined,physics,paper2,no,P15.6,Forces and matter,Practical: extension and work done when applying forces to a spring,no,yes,yes,
edexcel,triple,physics,paper2,no,P15.7,Forces and matter,Atmospheric pressure varies with height above the Earth’s surface with reference to a simple model of the Earth’s atmosphere,no,no,yes,
edexcel,triple,physics,paper2,no,P15.8,Forces and matter,Pressure in a fluid as being due to the fluid and atmospheric pressure,no,no,yes,
edexcel,triple,physics,paper2,no,P15.9,Forces and matter,The pressure in fluids causes a force normal to any surface,no,no,yes,
edexcel,triple,physics,paper2,no,P15.10,Forces and matter,"Pressure is related to force and area, using appropriate examples",no,no,yes,
edexcel,triple,physics,paper2,no,P15.11,Forces and matter,"Pressure (pascal, Pa) = force normal to surface (newton, N) ÷ area of surface (square metre, m2) A FP =",no,no,yes,
edexcel,triple,physics,paper2,no,P15.12,Forces and matter,Pressure in fluids increases with depth and density,no,no,yes,
edexcel,triple,physics,paper2,no,P15.13,Forces and matter,The pressure in liquids varies with density and depth,yes,no,yes,
edexcel,triple,physics,paper2,no,P15.14,Forces and matter,"The magnitude of the pressure in liquids and calculate the differences in pressure at different depths in a liquid: pressure due to a column of liquid (pascal, Pa) = height of column (metre, m) × density of liquid (kilogram per cubic metre, kg/m3) × gravitational field strength (newton per kilogram, N/kg)",yes,no,yes,
edexcel,triple,physics,paper2,no,P15.15,Forces and matter,An object in a fluid is subject to an upwards force (upthrust) and relate this to examples including objects that are fully immersed in a fluid (liquid or gas) or partially immersed in a liquid,yes,no,yes,
edexcel,triple,physics,paper2,no,P15.16,Forces and matter,The upthrust is equal to the weight of fluid displaced,yes,no,yes,
edexcel,triple,physics,paper2,no,P15.17,Forces and matter,"The factors (upthrust, weight, density of fluid) influence whether an object will float or sink",yes,no,yes,
